,NO,Time,FcName,FcCode,FcLoc,water_use,Cl_Val,Cl_Unit,pH_Val,pH_Unit,tb_Val,tb_Unit
0,1080,2022050324,부안정수장,4580012360,전북 부안군 변산면,생활정수,0.8228,mg/L,6.7889,pH,0.0306,NTU
1,1079,2022050324,밀양정수장,4827012381,경남 밀양시 산외면,생활정수,0.5257,mg/L,7.0914,pH,0.0445,NTU
2,1078,2022050324,운문정수장,4782012340,경북 청도군 운문면,생활정수,0.7571,mg/L,7.1429,pH,0.0425,NTU
3,1077,2022050324,온산정수장,3171012336,울산시 울주군 온산읍,공업용수,0.0280,mg/L,7.4311,pH,0.5204,NTU
4,1076,2022050324,구천정수장,4831012332,경남 거제시 신협읍,생활정수,0.8323,mg/L,7.1439,pH,0.0505,NTU
5,1075,2022050324,청주정수장,4311112353,충북 청주시 상당구,공업용수,0.1576,mg/L,7.6361,pH,0.4719,NTU
6,1074,2022050324,시흥정수장,4127312314,경기도 안산시 선부2동,생활정수,0.8482,mg/L,7.6440,pH,0.0612,NTU
7,1073,2022050324,황지정수장,4219012371,강원도 태백시 황지동,생활정수,0.8640,mg/L,7.2462,pH,0.0730,NTU
8,1072,2022050324,천안정수장,4413112355,충남 천안시 동남구,공업용수,0.4527,mg/L,7.0369,pH,0.3085,NTU
9,1071,2022050324,보령정수장,4418012359,층남 보령시 웅천읍,생활정수,0.8966,mg/L,7.6368,pH,0.0516,NTU
10,1070,2022050324,송전정수장,4273012356,강원도 횡성군 횡성읍,생활정수,0.5772,mg/L,7.5264,pH,0.0359,NTU
11,1069,2022050324,별량정수장,4615012368,전남 순천시 별량면,생활정수,0.8289,mg/L,7.1944,pH,0.0542,NTU
12,1068,2022050324,양산정수장,4833012382,경남 양산시 상북면,생활정수,0.5317,mg/L,7.0741,pH,0.0430,NTU
13,1067,2022050324,반송정수장,4812312335,경남 창원시 성산구,생활정수,0.6629,mg/L,6.7864,pH,0.0784,NTU
14,1066,2022050324,산성정수장,4518012363,전북 정읍시 옹동면,생활정수,0.8918,mg/L,7.5723,pH,0.0472,NTU
15,1065,2022050324,동화정수장,4574012385,전북 장수군 변암면,생활정수,0.7529,mg/L,7.0635,pH,0.0650,NTU
16,1064,2022050324,반월정수장,4127112311,경기도 안산시 상록구,생활정수,1.0075,mg/L,7.4259,pH,0.0530,NTU
17,1063,2022050324,석성정수장,4476012351,충남 부여군 석성면,생활정수,0.8265,mg/L,7.5030,pH,0.0513,NTU
18,1062,2022050324,금산정수장,4471012372,충남 금산군 남일면,생활정수,0.5502,mg/L,7.7355,pH,0.0882,NTU
19,1061,2022050324,고양정수장,4128512319,경기도 고양시 일산동구,생활정수,0.8905,mg/L,7.5550,pH,0.0687,NTU
20,1060,2022050324,공주정수장,4415012357,충남 공주시 유구읍,생활정수,0.6990,mg/L,7.4381,pH,0.0362,NTU
21,1059,2022050324,성남정수장,4113112313,경기도 성남시 수정구,생활정수,0.8295,mg/L,7.4949,pH,0.0474,NTU
22,1058,2022050324,덕소정수장,4136012317,경기도 남양주시 와부읍,생활정수,0.8610,mg/L,7.4003,pH,0.0457,NTU
23,1057,2022050324,충주정수장,4313012380,충북 충주시 용탄동,생활정수,0.8356,mg/L,7.8566,pH,0.0388,NTU
24,1056,2022050324,천안정수장,4413112355,충남 천안시 동남구,생활정수,0.7269,mg/L,7.1103,pH,0.0692,NTU
25,1055,2022050324,아산정수장,4420012354,충남 아산시 영인면,생활정수,0.7163,mg/L,7.2883,pH,0.0512,NTU
26,1054,2022050324,고산정수장,4571012367,전북 완주군 고산면,생활정수,0.8926,mg/L,7.3395,pH,0.0414,NTU
27,1053,2022050324,덕정정수장,4680012386,전남 장흥군 부산면,생활정수,0.9588,mg/L,7.3691,pH,0.0554,NTU
28,1052,2022050324,군산정수장,4513012365,전북 군산시 내흥동,공업용수,0.0242,mg/L,7.3075,pH,0.9568,NTU
29,1051,2022050324,시흥정수장,4127312314,경기도 안산시 선부2동,공업용수,점검중,mg/L,7.5722,pH,0.1933,NTU
30,1050,2022050324,학야정수장,4711312378,포항시 북구 기계면,생활정수,0.7217,mg/L,7.4437,pH,0.0691,NTU
31,1049,2022050324,파주정수장,4148012318,경기도 파주시 파주읍,공업용수,0.0000,mg/L,7.4814,pH,0.1492,NTU
32,1048,2022050324,구미정수장,4719012337,경북 구미시 고아읍,생활정수,0.7435,mg/L,7.1735,pH,0.0657,NTU
33,1047,2022050324,고령정수장,4783012344,경북 고령군 다산면,생활정수,0.7768,mg/L,7.2693,pH,0.0553,NTU
34,1046,2022050324,청주정수장,4311112353,충북 청주시 상당구,생활정수,1.0048,mg/L,7.5966,pH,0.0608,NTU
35,1045,2022050324,아산정수장,4420012354,충남 아산시 영인면,공업용수,0.4265,mg/L,7.2806,pH,0.5846,NTU
36,1044,2022050324,자인정수장,4729012339,경산시 자인면,생활정수,0.6701,mg/L,6.9276,pH,0.0679,NTU
37,1043,2022050324,사천정수장,4824012333,경남 사천시 축동면,생활정수,0.9211,mg/L,7.2057,pH,0.0395,NTU
38,1042,2022050324,연초정수장,4831012331,경남 거제시 연초면,생활정수,0.7036,mg/L,7.2242,pH,0.0243,NTU
39,1041,2022050324,와부정수장,4136012312,경기도 남양주시 와부읍,생활정수,0.8945,mg/L,7.4090,pH,0.0484,NTU
40,1040,2022050324,수지정수장,4146512316,경기도 용인시 상현동,생활정수,0.8823,mg/L,7.5584,pH,0.0639,NTU
41,1039,2022050324,일산정수장,4128112315,경기도 고양시 덕양구,생활정수,0.9381,mg/L,7.5743,pH,0.0588,NTU
42,1038,2022050324,화순정수장,4679012364,전남 화순군 화순읍,생활정수,점검중,mg/L,7.0700,pH,0.0800,NTU
43,1037,2022050324,대불정수장,4684012366,전남 무안군 몽타면,공업용수,점검중,mg/L,점검중,pH,0.2902,NTU
44,1036,2022050324,평림정수장,4688012387,전남 장성군 삼계면,생활정수,0.8959,mg/L,7.0143,pH,0.0600,NTU
45,1035,2022050323,대불정수장,4684012366,전남 무안군 몽타면,공업용수,점검중,mg/L,점검중,pH,0.2795,NTU
46,1034,2022050323,와부정수장,4136012312,경기도 남양주시 와부읍,생활정수,0.8915,mg/L,7.4008,pH,0.0474,NTU
47,1033,2022050323,양산정수장,4833012382,경남 양산시 상북면,생활정수,0.5295,mg/L,7.0732,pH,0.0429,NTU
48,1032,2022050323,구천정수장,4831012332,경남 거제시 신협읍,생활정수,0.8316,mg/L,7.1483,pH,0.0505,NTU
49,1031,2022050323,고령정수장,4783012344,경북 고령군 다산면,생활정수,0.7872,mg/L,7.2676,pH,0.0554,NTU
50,1030,2022050323,성남정수장,4113112313,경기도 성남시 수정구,생활정수,0.8267,mg/L,7.4872,pH,0.0496,NTU
51,1029,2022050323,화순정수장,4679012364,전남 화순군 화순읍,생활정수,점검중,mg/L,7.0612,pH,0.0773,NTU
52,1028,2022050323,평림정수장,4688012387,전남 장성군 삼계면,생활정수,0.9104,mg/L,7.0162,pH,0.0600,NTU
53,1027,2022050323,덕정정수장,4680012386,전남 장흥군 부산면,생활정수,0.9405,mg/L,7.3687,pH,0.0548,NTU
54,1026,2022050323,별량정수장,4615012368,전남 순천시 별량면,생활정수,0.8351,mg/L,7.1918,pH,0.0545,NTU
55,1025,2022050323,밀양정수장,4827012381,경남 밀양시 산외면,생활정수,0.5289,mg/L,7.0942,pH,0.0444,NTU
56,1024,2022050323,파주정수장,4148012318,경기도 파주시 파주읍,공업용수,0.0000,mg/L,7.4799,pH,0.1555,NTU
57,1023,2022050323,군산정수장,4513012365,전북 군산시 내흥동,공업용수,0.0101,mg/L,7.3114,pH,0.9522,NTU
58,1022,2022050323,시흥정수장,4127312314,경기도 안산시 선부2동,생활정수,0.8461,mg/L,7.6327,pH,0.0610,NTU
59,1021,2022050323,고양정수장,4128512319,경기도 고양시 일산동구,생활정수,0.8911,mg/L,7.5566,pH,0.0684,NTU
60,1020,2022050323,황지정수장,4219012371,강원도 태백시 황지동,생활정수,0.8325,mg/L,7.2418,pH,0.0728,NTU
61,1019,2022050323,천안정수장,4413112355,충남 천안시 동남구,생활정수,0.7374,mg/L,7.1117,pH,0.0688,NTU
62,1018,2022050323,천안정수장,4413112355,충남 천안시 동남구,공업용수,0.5614,mg/L,7.0307,pH,0.3096,NTU
63,1017,2022050323,아산정수장,4420012354,충남 아산시 영인면,생활정수,0.7170,mg/L,7.2910,pH,0.0516,NTU
64,1016,2022050323,산성정수장,4518012363,전북 정읍시 옹동면,생활정수,0.9167,mg/L,7.5703,pH,0.0467,NTU
65,1015,2022050323,반송정수장,4812312335,경남 창원시 성산구,생활정수,0.6650,mg/L,6.7885,pH,0.0809,NTU
66,1014,2022050323,청주정수장,4311112353,충북 청주시 상당구,공업용수,0.1504,mg/L,7.6351,pH,0.4628,NTU
67,1013,2022050323,구미정수장,4719012337,경북 구미시 고아읍,생활정수,0.7307,mg/L,7.1761,pH,0.0647,NTU
68,1012,2022050323,송전정수장,4273012356,강원도 횡성군 횡성읍,생활정수,0.5472,mg/L,7.5672,pH,0.0362,NTU
69,1011,2022050323,공주정수장,4415012357,충남 공주시 유구읍,생활정수,0.6987,mg/L,7.4397,pH,0.0369,NTU
70,1010,2022050323,금산정수장,4471012372,충남 금산군 남일면,생활정수,0.5486,mg/L,7.7359,pH,0.0885,NTU
71,1009,2022050323,시흥정수장,4127312314,경기도 안산시 선부2동,공업용수,점검중,mg/L,7.5652,pH,0.1870,NTU
72,1008,2022050323,수지정수장,4146512316,경기도 용인시 상현동,생활정수,0.8430,mg/L,7.5559,pH,0.0642,NTU
73,1007,2022050323,보령정수장,4418012359,층남 보령시 웅천읍,생활정수,0.8853,mg/L,7.6546,pH,0.0510,NTU
74,1006,2022050323,아산정수장,4420012354,충남 아산시 영인면,공업용수,0.4320,mg/L,7.2802,pH,0.6073,NTU
75,1005,2022050323,학야정수장,4711312378,포항시 북구 기계면,생활정수,0.7261,mg/L,7.4458,pH,0.0685,NTU
76,1004,2022050323,온산정수장,3171012336,울산시 울주군 온산읍,공업용수,0.0290,mg/L,7.4270,pH,0.5349,NTU
77,1003,2022050323,연초정수장,4831012331,경남 거제시 연초면,생활정수,0.7126,mg/L,7.2299,pH,0.0247,NTU
78,1002,2022050323,반월정수장,4127112311,경기도 안산시 상록구,생활정수,0.9951,mg/L,7.4165,pH,0.0533,NTU
79,1001,2022050323,자인정수장,4729012339,경산시 자인면,생활정수,0.6814,mg/L,6.9329,pH,0.0678,NTU
80,1000,2022050323,사천정수장,4824012333,경남 사천시 축동면,생활정수,0.9280,mg/L,7.2128,pH,0.0397,NTU
81,999,2022050323,덕소정수장,4136012317,경기도 남양주시 와부읍,생활정수,0.8575,mg/L,7.4044,pH,0.0451,NTU
82,998,2022050323,청주정수장,4311112353,충북 청주시 상당구,생활정수,0.9817,mg/L,7.5907,pH,0.0609,NTU
83,997,2022050323,고산정수장,4571012367,전북 완주군 고산면,생활정수,0.8796,mg/L,7.3433,pH,0.0414,NTU
84,996,2022050323,동화정수장,4574012385,전북 장수군 변암면,생활정수,0.7480,mg/L,7.0737,pH,0.0650,NTU
85,995,2022050323,일산정수장,4128112315,경기도 고양시 덕양구,생활정수,0.9479,mg/L,7.5742,pH,0.0584,NTU
86,994,2022050323,충주정수장,4313012380,충북 충주시 용탄동,생활정수,0.8631,mg/L,7.8537,pH,0.0387,NTU
87,993,2022050323,석성정수장,4476012351,충남 부여군 석성면,생활정수,0.8001,mg/L,7.4936,pH,0.0511,NTU
88,992,2022050323,부안정수장,4580012360,전북 부안군 변산면,생활정수,0.8410,mg/L,6.7938,pH,0.0312,NTU
89,991,2022050323,운문정수장,4782012340,경북 청도군 운문면,생활정수,0.7546,mg/L,7.1535,pH,0.0419,NTU
90,990,2022050322,산성정수장,4518012363,전북 정읍시 옹동면,생활정수,0.9304,mg/L,7.5798,pH,0.0452,NTU
91,989,2022050322,화순정수장,4679012364,전남 화순군 화순읍,생활정수,점검중,mg/L,7.0604,pH,0.0770,NTU
92,988,2022050322,덕정정수장,4680012386,전남 장흥군 부산면,생활정수,0.9291,mg/L,7.3674,pH,0.0516,NTU
93,987,2022050322,학야정수장,4711312378,포항시 북구 기계면,생활정수,0.7298,mg/L,7.4479,pH,0.0687,NTU
94,986,2022050322,온산정수장,3171012336,울산시 울주군 온산읍,공업용수,0.0303,mg/L,7.4168,pH,0.5215,NTU
95,985,2022050322,구미정수장,4719012337,경북 구미시 고아읍,생활정수,0.7296,mg/L,7.1823,pH,0.0647,NTU
96,984,2022050322,송전정수장,4273012356,강원도 횡성군 횡성읍,생활정수,0.5387,mg/L,7.6151,pH,0.0367,NTU
97,983,2022050322,공주정수장,4415012357,충남 공주시 유구읍,생활정수,0.6955,mg/L,7.4414,pH,0.0365,NTU
98,982,2022050322,금산정수장,4471012372,충남 금산군 남일면,생활정수,0.5456,mg/L,7.7376,pH,0.0886,NTU
99,981,2022050322,평림정수장,4688012387,전남 장성군 삼계면,생활정수,0.8912,mg/L,7.0036,pH,0.0600,NTU
100,980,2022050322,밀양정수장,4827012381,경남 밀양시 산외면,생활정수,0.5238,mg/L,7.0925,pH,0.0459,NTU
101,979,2022050322,시흥정수장,4127312314,경기도 안산시 선부2동,생활정수,0.8456,mg/L,7.6404,pH,0.0610,NTU
102,978,2022050322,반월정수장,4127112311,경기도 안산시 상록구,생활정수,0.9930,mg/L,7.4191,pH,0.0533,NTU
103,977,2022050322,고양정수장,4128512319,경기도 고양시 일산동구,생활정수,0.8908,mg/L,7.5584,pH,0.0679,NTU
104,976,2022050322,일산정수장,4128112315,경기도 고양시 덕양구,생활정수,0.9488,mg/L,7.5756,pH,0.0589,NTU
105,975,2022050322,황지정수장,4219012371,강원도 태백시 황지동,생활정수,0.8389,mg/L,7.2496,pH,0.0731,NTU
106,974,2022050322,천안정수장,4413112355,충남 천안시 동남구,생활정수,0.7366,mg/L,7.1074,pH,0.0679,NTU
107,973,2022050322,성남정수장,4113112313,경기도 성남시 수정구,생활정수,0.8244,mg/L,7.4832,pH,0.0474,NTU
108,972,2022050322,석성정수장,4476012351,충남 부여군 석성면,생활정수,0.8002,mg/L,7.4852,pH,0.0508,NTU
109,971,2022050322,덕소정수장,4136012317,경기도 남양주시 와부읍,생활정수,0.8483,mg/L,7.4073,pH,0.0442,NTU
110,970,2022050322,청주정수장,4311112353,충북 청주시 상당구,생활정수,0.9588,mg/L,7.5852,pH,0.0608,NTU
111,969,2022050322,운문정수장,4782012340,경북 청도군 운문면,생활정수,0.7526,mg/L,7.1597,pH,0.0423,NTU
112,968,2022050322,양산정수장,4833012382,경남 양산시 상북면,생활정수,0.5376,mg/L,7.0786,pH,0.0430,NTU
113,967,2022050322,파주정수장,4148012318,경기도 파주시 파주읍,공업용수,0.0000,mg/L,7.4850,pH,0.1670,NTU
114,966,2022050322,청주정수장,4311112353,충북 청주시 상당구,공업용수,0.0950,mg/L,7.6275,pH,0.3945,NTU
115,965,2022050322,시흥정수장,4127312314,경기도 안산시 선부2동,공업용수,점검중,mg/L,7.5660,pH,0.1857,NTU
116,964,2022050322,보령정수장,4418012359,층남 보령시 웅천읍,생활정수,0.9233,mg/L,7.6814,pH,0.0525,NTU
117,963,2022050322,아산정수장,4420012354,충남 아산시 영인면,생활정수,0.7149,mg/L,7.2936,pH,0.0519,NTU
118,962,2022050322,아산정수장,4420012354,충남 아산시 영인면,공업용수,0.4513,mg/L,7.2799,pH,0.6060,NTU
119,961,2022050322,고산정수장,4571012367,전북 완주군 고산면,생활정수,0.8802,mg/L,7.3483,pH,0.0414,NTU
120,960,2022050322,연초정수장,4831012331,경남 거제시 연초면,생활정수,0.7129,mg/L,7.2253,pH,0.0244,NTU
121,959,2022050322,고령정수장,4783012344,경북 고령군 다산면,생활정수,0.7739,mg/L,7.2677,pH,0.0557,NTU
122,958,2022050322,수지정수장,4146512316,경기도 용인시 상현동,생활정수,0.8495,mg/L,7.5574,pH,0.0640,NTU
123,957,2022050322,사천정수장,4824012333,경남 사천시 축동면,생활정수,0.9228,mg/L,7.2205,pH,0.0399,NTU
124,956,2022050322,구천정수장,4831012332,경남 거제시 신협읍,생활정수,0.8323,mg/L,7.1318,pH,0.0505,NTU
125,955,2022050322,충주정수장,4313012380,충북 충주시 용탄동,생활정수,0.8691,mg/L,7.8475,pH,0.0384,NTU
126,954,2022050322,부안정수장,4580012360,전북 부안군 변산면,생활정수,0.8588,mg/L,6.7984,pH,0.0386,NTU
127,953,2022050322,동화정수장,4574012385,전북 장수군 변암면,생활정수,0.7464,mg/L,7.0763,pH,0.0650,NTU
128,952,2022050322,자인정수장,4729012339,경산시 자인면,생활정수,0.6933,mg/L,6.9369,pH,0.0674,NTU
129,951,2022050322,반송정수장,4812312335,경남 창원시 성산구,생활정수,0.6720,mg/L,6.7886,pH,0.0759,NTU
130,950,2022050322,군산정수장,4513012365,전북 군산시 내흥동,공업용수,0.0164,mg/L,7.3003,pH,0.9797,NTU
131,949,2022050322,천안정수장,4413112355,충남 천안시 동남구,공업용수,0.6065,mg/L,7.0289,pH,0.3070,NTU
132,948,2022050322,별량정수장,4615012368,전남 순천시 별량면,생활정수,0.8116,mg/L,7.1847,pH,0.0541,NTU
133,947,2022050322,대불정수장,4684012366,전남 무안군 몽타면,공업용수,점검중,mg/L,점검중,pH,0.2805,NTU
134,946,2022050322,와부정수장,4136012312,경기도 남양주시 와부읍,생활정수,0.8750,mg/L,7.3938,pH,0.0475,NTU
135,945,2022050321,자인정수장,4729012339,경산시 자인면,생활정수,0.6834,mg/L,6.9455,pH,0.0674,NTU
136,944,2022050321,덕정정수장,4680012386,전남 장흥군 부산면,생활정수,0.9178,mg/L,7.3707,pH,0.0515,NTU
137,943,2022050321,반송정수장,4812312335,경남 창원시 성산구,생활정수,0.6748,mg/L,6.7875,pH,0.0758,NTU
138,942,2022050321,고양정수장,4128512319,경기도 고양시 일산동구,생활정수,0.8936,mg/L,7.5611,pH,0.0675,NTU
139,941,2022050321,동화정수장,4574012385,전북 장수군 변암면,생활정수,0.7477,mg/L,7.0738,pH,0.0650,NTU
140,940,2022050321,공주정수장,4415012357,충남 공주시 유구읍,생활정수,0.6926,mg/L,7.4420,pH,0.0364,NTU
141,939,2022050321,아산정수장,4420012354,충남 아산시 영인면,생활정수,0.7141,mg/L,7.2992,pH,0.0523,NTU
142,938,2022050321,평림정수장,4688012387,전남 장성군 삼계면,생활정수,0.8758,mg/L,7.0015,pH,0.0600,NTU
143,937,2022050321,연초정수장,4831012331,경남 거제시 연초면,생활정수,0.7170,mg/L,7.2299,pH,0.0248,NTU
144,936,2022050321,구미정수장,4719012337,경북 구미시 고아읍,생활정수,0.7240,mg/L,7.1891,pH,0.0649,NTU
145,935,2022050321,일산정수장,4128112315,경기도 고양시 덕양구,생활정수,0.9464,mg/L,7.5769,pH,0.0588,NTU
146,934,2022050321,청주정수장,4311112353,충북 청주시 상당구,생활정수,0.9068,mg/L,7.5787,pH,0.0634,NTU
147,933,2022050321,아산정수장,4420012354,충남 아산시 영인면,공업용수,0.4616,mg/L,7.2781,pH,0.5823,NTU
148,932,2022050321,화순정수장,4679012364,전남 화순군 화순읍,생활정수,점검중,mg/L,7.0613,pH,0.0778,NTU
149,931,2022050321,양산정수장,4833012382,경남 양산시 상북면,생활정수,0.5318,mg/L,7.0833,pH,0.0430,NTU
150,930,2022050321,성남정수장,4113112313,경기도 성남시 수정구,생활정수,0.8278,mg/L,7.4845,pH,0.0506,NTU
151,929,2022050321,덕소정수장,4136012317,경기도 남양주시 와부읍,생활정수,0.8538,mg/L,7.4128,pH,0.0442,NTU
152,928,2022050321,반월정수장,4127112311,경기도 안산시 상록구,생활정수,1.0249,mg/L,7.4246,pH,0.0531,NTU
153,927,2022050321,천안정수장,4413112355,충남 천안시 동남구,공업용수,0.5519,mg/L,7.0429,pH,0.3110,NTU
154,926,2022050321,석성정수장,4476012351,충남 부여군 석성면,생활정수,0.7646,mg/L,7.4568,pH,0.0501,NTU
155,925,2022050321,시흥정수장,4127312314,경기도 안산시 선부2동,공업용수,점검중,mg/L,7.5623,pH,0.1824,NTU
156,924,2022050321,황지정수장,4219012371,강원도 태백시 황지동,생활정수,0.8306,mg/L,7.2467,pH,0.0731,NTU
157,923,2022050321,천안정수장,4413112355,충남 천안시 동남구,생활정수,0.7062,mg/L,7.1089,pH,0.0670,NTU
158,922,2022050321,보령정수장,4418012359,층남 보령시 웅천읍,생활정수,0.8521,mg/L,7.7071,pH,0.0532,NTU
159,921,2022050321,부안정수장,4580012360,전북 부안군 변산면,생활정수,0.8659,mg/L,6.7994,pH,0.0300,NTU
160,920,2022050321,별량정수장,4615012368,전남 순천시 별량면,생활정수,0.8191,mg/L,7.1873,pH,0.0544,NTU
161,919,2022050321,사천정수장,4824012333,경남 사천시 축동면,생활정수,0.9357,mg/L,7.2305,pH,0.0371,NTU
162,918,2022050321,온산정수장,3171012336,울산시 울주군 온산읍,공업용수,0.0285,mg/L,7.4155,pH,0.5150,NTU
163,917,2022050321,파주정수장,4148012318,경기도 파주시 파주읍,공업용수,0.0000,mg/L,7.5018,pH,0.1660,NTU
164,916,2022050321,충주정수장,4313012380,충북 충주시 용탄동,생활정수,0.8359,mg/L,7.8416,pH,0.0379,NTU
165,915,2022050321,구천정수장,4831012332,경남 거제시 신협읍,생활정수,0.7817,mg/L,7.1122,pH,0.0504,NTU
166,914,2022050321,시흥정수장,4127312314,경기도 안산시 선부2동,생활정수,0.8470,mg/L,7.6354,pH,0.0608,NTU
167,913,2022050321,송전정수장,4273012356,강원도 횡성군 횡성읍,생활정수,0.5658,mg/L,7.6635,pH,0.0370,NTU
168,912,2022050321,대불정수장,4684012366,전남 무안군 몽타면,공업용수,점검중,mg/L,점검중,pH,0.2798,NTU
169,911,2022050321,군산정수장,4513012365,전북 군산시 내흥동,공업용수,0.0214,mg/L,7.3033,pH,0.9662,NTU
170,910,2022050321,와부정수장,4136012312,경기도 남양주시 와부읍,생활정수,0.8638,mg/L,7.3895,pH,0.0472,NTU
171,909,2022050321,수지정수장,4146512316,경기도 용인시 상현동,생활정수,0.8292,mg/L,7.5562,pH,0.0642,NTU
172,908,2022050321,금산정수장,4471012372,충남 금산군 남일면,생활정수,0.5429,mg/L,7.7409,pH,0.0887,NTU
173,907,2022050321,고산정수장,4571012367,전북 완주군 고산면,생활정수,0.8898,mg/L,7.3587,pH,0.0411,NTU
174,906,2022050321,산성정수장,4518012363,전북 정읍시 옹동면,생활정수,0.9472,mg/L,7.5885,pH,0.0435,NTU
175,905,2022050321,학야정수장,4711312378,포항시 북구 기계면,생활정수,0.7461,mg/L,7.4399,pH,0.0659,NTU
176,904,2022050321,운문정수장,4782012340,경북 청도군 운문면,생활정수,0.7515,mg/L,7.1786,pH,0.0423,NTU
177,903,2022050321,청주정수장,4311112353,충북 청주시 상당구,공업용수,0.0892,mg/L,7.6308,pH,0.3591,NTU
178,902,2022050321,고령정수장,4783012344,경북 고령군 다산면,생활정수,0.7620,mg/L,7.2682,pH,0.0565,NTU
179,901,2022050321,밀양정수장,4827012381,경남 밀양시 산외면,생활정수,0.5289,mg/L,7.0994,pH,0.0445,NTU
180,900,2022050320,청주정수장,4311112353,충북 청주시 상당구,공업용수,0.0936,mg/L,7.6338,pH,0.3615,NTU
181,899,2022050320,고령정수장,4783012344,경북 고령군 다산면,생활정수,0.7573,mg/L,7.2690,pH,0.0570,NTU
182,898,2022050320,구미정수장,4719012337,경북 구미시 고아읍,생활정수,0.7278,mg/L,7.1898,pH,0.0650,NTU
183,897,2022050320,일산정수장,4128112315,경기도 고양시 덕양구,생활정수,0.9386,mg/L,7.5753,pH,0.0587,NTU
184,896,2022050320,충주정수장,4313012380,충북 충주시 용탄동,생활정수,0.8154,mg/L,7.8385,pH,0.0374,NTU
185,895,2022050320,산성정수장,4518012363,전북 정읍시 옹동면,생활정수,0.9422,mg/L,7.5965,pH,0.0431,NTU
186,894,2022050320,부안정수장,4580012360,전북 부안군 변산면,생활정수,0.8605,mg/L,6.8062,pH,0.0304,NTU
187,893,2022050320,대불정수장,4684012366,전남 무안군 몽타면,공업용수,점검중,mg/L,점검중,pH,0.2829,NTU
188,892,2022050320,반송정수장,4812312335,경남 창원시 성산구,생활정수,0.6687,mg/L,6.7803,pH,0.0761,NTU
189,891,2022050320,구천정수장,4831012332,경남 거제시 신협읍,생활정수,0.7257,mg/L,7.1041,pH,0.0499,NTU
190,890,2022050320,파주정수장,4148012318,경기도 파주시 파주읍,공업용수,0.0000,mg/L,7.5092,pH,0.1601,NTU
191,889,2022050320,시흥정수장,4127312314,경기도 안산시 선부2동,공업용수,점검중,mg/L,7.5639,pH,0.1782,NTU
192,888,2022050320,석성정수장,4476012351,충남 부여군 석성면,생활정수,0.7364,mg/L,7.4088,pH,0.0495,NTU
193,887,2022050320,연초정수장,4831012331,경남 거제시 연초면,생활정수,0.7219,mg/L,7.2258,pH,0.0245,NTU
194,886,2022050320,천안정수장,4413112355,충남 천안시 동남구,생활정수,0.7247,mg/L,7.1022,pH,0.0645,NTU
195,885,2022050320,금산정수장,4471012372,충남 금산군 남일면,생활정수,0.5416,mg/L,7.7444,pH,0.0883,NTU
196,884,2022050320,반월정수장,4127112311,경기도 안산시 상록구,생활정수,1.0259,mg/L,7.4147,pH,0.0531,NTU
197,883,2022050320,고양정수장,4128512319,경기도 고양시 일산동구,생활정수,0.9012,mg/L,7.5623,pH,0.0673,NTU
198,882,2022050320,황지정수장,4219012371,강원도 태백시 황지동,생활정수,0.8283,mg/L,7.2484,pH,0.0734,NTU
199,881,2022050320,보령정수장,4418012359,층남 보령시 웅천읍,생활정수,0.8761,mg/L,7.7161,pH,0.0515,NTU
200,880,2022050320,공주정수장,4415012357,충남 공주시 유구읍,생활정수,0.6897,mg/L,7.4419,pH,0.0358,NTU
201,879,2022050320,아산정수장,4420012354,충남 아산시 영인면,생활정수,0.7140,mg/L,7.3032,pH,0.0533,NTU
202,878,2022050320,고산정수장,4571012367,전북 완주군 고산면,생활정수,0.8757,mg/L,7.3605,pH,0.0407,NTU
203,877,2022050320,동화정수장,4574012385,전북 장수군 변암면,생활정수,0.7630,mg/L,7.0660,pH,0.0650,NTU
204,876,2022050320,화순정수장,4679012364,전남 화순군 화순읍,생활정수,점검중,mg/L,7.0602,pH,0.0779,NTU
205,875,2022050320,덕정정수장,4680012386,전남 장흥군 부산면,생활정수,0.8943,mg/L,7.3706,pH,0.0523,NTU
206,874,2022050320,군산정수장,4513012365,전북 군산시 내흥동,공업용수,0.0248,mg/L,7.3053,pH,0.9379,NTU
207,873,2022050320,성남정수장,4113112313,경기도 성남시 수정구,생활정수,0.8372,mg/L,7.4868,pH,0.0489,NTU
208,872,2022050320,시흥정수장,4127312314,경기도 안산시 선부2동,생활정수,0.8478,mg/L,7.6449,pH,0.0608,NTU
209,871,2022050320,온산정수장,3171012336,울산시 울주군 온산읍,공업용수,0.0280,mg/L,7.4209,pH,0.5223,NTU
210,870,2022050320,송전정수장,4273012356,강원도 횡성군 횡성읍,생활정수,0.5907,mg/L,7.7071,pH,0.0372,NTU
211,869,2022050320,운문정수장,4782012340,경북 청도군 운문면,생활정수,0.7404,mg/L,7.1916,pH,0.0426,NTU
212,868,2022050320,밀양정수장,4827012381,경남 밀양시 산외면,생활정수,0.5385,mg/L,7.1023,pH,0.0448,NTU
213,867,2022050320,양산정수장,4833012382,경남 양산시 상북면,생활정수,0.5282,mg/L,7.0848,pH,0.0428,NTU
214,866,2022050320,사천정수장,4824012333,경남 사천시 축동면,생활정수,0.9349,mg/L,7.2342,pH,0.0342,NTU
215,865,2022050320,수지정수장,4146512316,경기도 용인시 상현동,생활정수,0.8074,mg/L,7.5570,pH,0.0644,NTU
216,864,2022050320,덕소정수장,4136012317,경기도 남양주시 와부읍,생활정수,0.8700,mg/L,7.4179,pH,0.0430,NTU
217,863,2022050320,청주정수장,4311112353,충북 청주시 상당구,생활정수,0.8573,mg/L,7.5743,pH,0.0657,NTU
218,862,2022050320,천안정수장,4413112355,충남 천안시 동남구,공업용수,0.4706,mg/L,7.0482,pH,0.3193,NTU
219,861,2022050320,아산정수장,4420012354,충남 아산시 영인면,공업용수,0.4359,mg/L,7.2766,pH,0.5687,NTU
220,860,2022050320,별량정수장,4615012368,전남 순천시 별량면,생활정수,0.8344,mg/L,7.1870,pH,0.0541,NTU
221,859,2022050320,학야정수장,4711312378,포항시 북구 기계면,생활정수,0.7539,mg/L,7.4359,pH,0.0648,NTU
222,858,2022050320,자인정수장,4729012339,경산시 자인면,생활정수,0.6795,mg/L,6.9497,pH,0.0673,NTU
223,857,2022050320,평림정수장,4688012387,전남 장성군 삼계면,생활정수,0.8520,mg/L,7.0082,pH,0.0604,NTU
224,856,2022050320,와부정수장,4136012312,경기도 남양주시 와부읍,생활정수,0.8657,mg/L,7.3882,pH,0.0469,NTU
225,855,2022050319,충주정수장,4313012380,충북 충주시 용탄동,생활정수,0.7820,mg/L,7.8365,pH,0.0371,NTU
226,854,2022050319,고산정수장,4571012367,전북 완주군 고산면,생활정수,0.8642,mg/L,7.3640,pH,0.0409,NTU
227,853,2022050319,금산정수장,4471012372,충남 금산군 남일면,생활정수,0.5390,mg/L,7.7470,pH,0.0886,NTU
228,852,2022050319,동화정수장,4574012385,전북 장수군 변암면,생활정수,0.7655,mg/L,7.0584,pH,0.0650,NTU
229,851,2022050319,덕정정수장,4680012386,전남 장흥군 부산면,생활정수,0.8761,mg/L,7.3709,pH,0.0522,NTU
230,850,2022050319,대불정수장,4684012366,전남 무안군 몽타면,공업용수,점검중,mg/L,점검중,pH,0.2836,NTU
231,849,2022050319,수지정수장,4146512316,경기도 용인시 상현동,생활정수,0.8404,mg/L,7.5627,pH,0.0680,NTU
232,848,2022050319,황지정수장,4219012371,강원도 태백시 황지동,생활정수,0.8329,mg/L,7.2340,pH,0.0735,NTU
233,847,2022050319,청주정수장,4311112353,충북 청주시 상당구,생활정수,0.8320,mg/L,7.5700,pH,0.0700,NTU
234,846,2022050319,평림정수장,4688012387,전남 장성군 삼계면,생활정수,0.8554,mg/L,7.0051,pH,0.0607,NTU
235,845,2022050319,별량정수장,4615012368,전남 순천시 별량면,생활정수,0.8267,mg/L,7.1851,pH,0.0544,NTU
236,844,2022050319,반송정수장,4812312335,경남 창원시 성산구,생활정수,0.6633,mg/L,6.7785,pH,0.0772,NTU
237,843,2022050319,구미정수장,4719012337,경북 구미시 고아읍,생활정수,0.7412,mg/L,7.1839,pH,0.0651,NTU
238,842,2022050319,고령정수장,4783012344,경북 고령군 다산면,생활정수,0.7676,mg/L,7.2732,pH,0.0569,NTU
239,841,2022050319,군산정수장,4513012365,전북 군산시 내흥동,공업용수,0.0122,mg/L,7.3091,pH,0.9677,NTU
240,840,2022050319,시흥정수장,4127312314,경기도 안산시 선부2동,생활정수,0.8412,mg/L,7.6364,pH,0.0609,NTU
241,839,2022050319,천안정수장,4413112355,충남 천안시 동남구,공업용수,0.4643,mg/L,7.0569,pH,0.3270,NTU
242,838,2022050319,산성정수장,4518012363,전북 정읍시 옹동면,생활정수,0.9176,mg/L,7.6118,pH,0.0435,NTU
243,837,2022050319,자인정수장,4729012339,경산시 자인면,생활정수,0.6829,mg/L,6.9566,pH,0.0671,NTU
244,836,2022050319,양산정수장,4833012382,경남 양산시 상북면,생활정수,0.5266,mg/L,7.0857,pH,0.0428,NTU
245,835,2022050319,구천정수장,4831012332,경남 거제시 신협읍,생활정수,0.6690,mg/L,7.1066,pH,0.0501,NTU
246,834,2022050319,성남정수장,4113112313,경기도 성남시 수정구,생활정수,0.8364,mg/L,7.4936,pH,0.0468,NTU
247,833,2022050319,고양정수장,4128512319,경기도 고양시 일산동구,생활정수,0.9122,mg/L,7.5640,pH,0.0673,NTU
248,832,2022050319,아산정수장,4420012354,충남 아산시 영인면,생활정수,0.7146,mg/L,7.3145,pH,0.0540,NTU
249,831,2022050319,아산정수장,4420012354,충남 아산시 영인면,공업용수,0.3933,mg/L,7.2654,pH,0.5871,NTU
250,830,2022050319,부안정수장,4580012360,전북 부안군 변산면,생활정수,0.8469,mg/L,6.8128,pH,0.0300,NTU
251,829,2022050319,학야정수장,4711312378,포항시 북구 기계면,생활정수,0.7684,mg/L,7.4433,pH,0.0638,NTU
252,828,2022050319,반월정수장,4127112311,경기도 안산시 상록구,생활정수,0.9842,mg/L,7.4130,pH,0.0527,NTU
253,827,2022050319,송전정수장,4273012356,강원도 횡성군 횡성읍,생활정수,0.5897,mg/L,7.7407,pH,0.0376,NTU
254,826,2022050319,운문정수장,4782012340,경북 청도군 운문면,생활정수,0.7405,mg/L,7.1946,pH,0.0435,NTU
255,825,2022050319,파주정수장,4148012318,경기도 파주시 파주읍,공업용수,0.0000,mg/L,7.5073,pH,0.1543,NTU
256,824,2022050319,와부정수장,4136012312,경기도 남양주시 와부읍,생활정수,0.8712,mg/L,7.3903,pH,0.0488,NTU
257,823,2022050319,덕소정수장,4136012317,경기도 남양주시 와부읍,생활정수,0.8769,mg/L,7.4218,pH,0.0428,NTU
258,822,2022050319,밀양정수장,4827012381,경남 밀양시 산외면,생활정수,0.5487,mg/L,7.1100,pH,0.0451,NTU
259,821,2022050319,사천정수장,4824012333,경남 사천시 축동면,생활정수,0.8632,mg/L,7.2270,pH,0.0349,NTU
260,820,2022050319,온산정수장,3171012336,울산시 울주군 온산읍,공업용수,0.0269,mg/L,7.4319,pH,0.4892,NTU
261,819,2022050319,시흥정수장,4127312314,경기도 안산시 선부2동,공업용수,점검중,mg/L,7.5703,pH,0.1763,NTU
262,818,2022050319,천안정수장,4413112355,충남 천안시 동남구,생활정수,0.7141,mg/L,7.0891,pH,0.0639,NTU
263,817,2022050319,공주정수장,4415012357,충남 공주시 유구읍,생활정수,0.6844,mg/L,7.4415,pH,0.0358,NTU
264,816,2022050319,화순정수장,4679012364,전남 화순군 화순읍,생활정수,점검중,mg/L,7.0599,pH,0.0790,NTU
265,815,2022050319,연초정수장,4831012331,경남 거제시 연초면,생활정수,0.7293,mg/L,7.2294,pH,0.0346,NTU
266,814,2022050319,청주정수장,4311112353,충북 청주시 상당구,공업용수,0.0762,mg/L,7.6214,pH,0.3609,NTU
267,813,2022050319,일산정수장,4128112315,경기도 고양시 덕양구,생활정수,0.9352,mg/L,7.5791,pH,0.0588,NTU
268,812,2022050319,석성정수장,4476012351,충남 부여군 석성면,생활정수,0.7380,mg/L,7.3424,pH,0.0490,NTU
269,811,2022050319,보령정수장,4418012359,층남 보령시 웅천읍,생활정수,0.8684,mg/L,7.7303,pH,0.0512,NTU
270,810,2022050318,반월정수장,4127112311,경기도 안산시 상록구,생활정수,0.8694,mg/L,7.4110,pH,0.0530,NTU
271,809,2022050318,보령정수장,4418012359,층남 보령시 웅천읍,생활정수,0.8634,mg/L,7.7509,pH,0.0513,NTU
272,808,2022050318,학야정수장,4711312378,포항시 북구 기계면,생활정수,0.7955,mg/L,7.4408,pH,0.0640,NTU
273,807,2022050318,운문정수장,4782012340,경북 청도군 운문면,생활정수,0.7217,mg/L,7.1975,pH,0.0437,NTU
274,806,2022050318,온산정수장,3171012336,울산시 울주군 온산읍,공업용수,0.0247,mg/L,7.4434,pH,0.4862,NTU
275,805,2022050318,금산정수장,4471012372,충남 금산군 남일면,생활정수,0.5360,mg/L,7.7494,pH,0.0891,NTU
276,804,2022050318,화순정수장,4679012364,전남 화순군 화순읍,생활정수,점검중,mg/L,7.0634,pH,0.0797,NTU
277,803,2022050318,별량정수장,4615012368,전남 순천시 별량면,생활정수,0.8267,mg/L,7.1869,pH,0.0550,NTU
278,802,2022050318,대불정수장,4684012366,전남 무안군 몽타면,공업용수,점검중,mg/L,점검중,pH,0.2822,NTU
279,801,2022050318,사천정수장,4824012333,경남 사천시 축동면,생활정수,0.7783,mg/L,7.2207,pH,0.0347,NTU
280,800,2022050318,수지정수장,4146512316,경기도 용인시 상현동,생활정수,0.8494,mg/L,7.5651,pH,0.0732,NTU
281,799,2022050318,양산정수장,4833012382,경남 양산시 상북면,생활정수,0.5199,mg/L,7.0813,pH,0.0429,NTU
282,798,2022050318,시흥정수장,4127312314,경기도 안산시 선부2동,공업용수,점검중,mg/L,7.5753,pH,0.1798,NTU
283,797,2022050318,공주정수장,4415012357,충남 공주시 유구읍,생활정수,0.6842,mg/L,7.4423,pH,0.0360,NTU
284,796,2022050318,부안정수장,4580012360,전북 부안군 변산면,생활정수,0.8353,mg/L,6.7794,pH,0.0307,NTU
285,795,2022050318,덕정정수장,4680012386,전남 장흥군 부산면,생활정수,0.8770,mg/L,7.3734,pH,0.0521,NTU
286,794,2022050318,파주정수장,4148012318,경기도 파주시 파주읍,공업용수,0.0000,mg/L,7.4986,pH,0.1525,NTU
287,793,2022050318,청주정수장,4311112353,충북 청주시 상당구,공업용수,0.0641,mg/L,7.6106,pH,0.3664,NTU
288,792,2022050318,구미정수장,4719012337,경북 구미시 고아읍,생활정수,0.7303,mg/L,7.1668,pH,0.0647,NTU
289,791,2022050318,성남정수장,4113112313,경기도 성남시 수정구,생활정수,0.8225,mg/L,7.4942,pH,0.0502,NTU
290,790,2022050318,시흥정수장,4127312314,경기도 안산시 선부2동,생활정수,0.8389,mg/L,7.6285,pH,0.0610,NTU
291,789,2022050318,덕소정수장,4136012317,경기도 남양주시 와부읍,생활정수,0.8882,mg/L,7.4244,pH,0.0429,NTU
292,788,2022050318,송전정수장,4273012356,강원도 횡성군 횡성읍,생활정수,0.5535,mg/L,7.7657,pH,0.0384,NTU
293,787,2022050318,청주정수장,4311112353,충북 청주시 상당구,생활정수,0.8379,mg/L,7.5681,pH,0.0707,NTU
294,786,2022050318,천안정수장,4413112355,충남 천안시 동남구,생활정수,0.7375,mg/L,7.0835,pH,0.0637,NTU
295,785,2022050318,석성정수장,4476012351,충남 부여군 석성면,생활정수,0.7490,mg/L,7.3062,pH,0.0488,NTU
296,784,2022050318,아산정수장,4420012354,충남 아산시 영인면,공업용수,0.4131,mg/L,7.2729,pH,0.6139,NTU
297,783,2022050318,자인정수장,4729012339,경산시 자인면,생활정수,0.6872,mg/L,6.9544,pH,0.0664,NTU
298,782,2022050318,구천정수장,4831012332,경남 거제시 신협읍,생활정수,0.7273,mg/L,7.1083,pH,0.0501,NTU
299,781,2022050318,고산정수장,4571012367,전북 완주군 고산면,생활정수,0.8531,mg/L,7.3613,pH,0.0409,NTU
300,780,2022050318,평림정수장,4688012387,전남 장성군 삼계면,생활정수,0.8706,mg/L,7.0107,pH,0.0613,NTU
301,779,2022050318,밀양정수장,4827012381,경남 밀양시 산외면,생활정수,0.5421,mg/L,7.1079,pH,0.0451,NTU
302,778,2022050318,반송정수장,4812312335,경남 창원시 성산구,생활정수,0.6574,mg/L,6.7786,pH,0.0767,NTU
303,777,2022050318,연초정수장,4831012331,경남 거제시 연초면,생활정수,0.7308,mg/L,7.2283,pH,0.0257,NTU
304,776,2022050318,천안정수장,4413112355,충남 천안시 동남구,공업용수,0.5369,mg/L,7.0400,pH,0.3225,NTU
305,775,2022050318,와부정수장,4136012312,경기도 남양주시 와부읍,생활정수,0.8718,mg/L,7.3967,pH,0.0543,NTU
306,774,2022050318,고양정수장,4128512319,경기도 고양시 일산동구,생활정수,0.9177,mg/L,7.5660,pH,0.0675,NTU
307,773,2022050318,일산정수장,4128112315,경기도 고양시 덕양구,생활정수,0.9305,mg/L,7.5820,pH,0.0591,NTU
308,772,2022050318,충주정수장,4313012380,충북 충주시 용탄동,생활정수,0.7750,mg/L,7.8380,pH,0.0368,NTU
309,771,2022050318,산성정수장,4518012363,전북 정읍시 옹동면,생활정수,0.9105,mg/L,7.6091,pH,0.0448,NTU
310,770,2022050318,동화정수장,4574012385,전북 장수군 변암면,생활정수,0.7654,mg/L,7.0666,pH,0.0650,NTU
311,769,2022050318,군산정수장,4513012365,전북 군산시 내흥동,공업용수,0.0139,mg/L,7.3193,pH,0.9957,NTU
312,768,2022050318,고령정수장,4783012344,경북 고령군 다산면,생활정수,0.7647,mg/L,7.2760,pH,0.0562,NTU
313,767,2022050318,황지정수장,4219012371,강원도 태백시 황지동,생활정수,0.8310,mg/L,7.2510,pH,0.0734,NTU
314,766,2022050318,아산정수장,4420012354,충남 아산시 영인면,생활정수,0.7240,mg/L,7.3204,pH,0.0546,NTU
315,765,2022050317,황지정수장,4219012371,강원도 태백시 황지동,생활정수,0.8325,mg/L,7.2598,pH,0.0735,NTU
316,764,2022050317,아산정수장,4420012354,충남 아산시 영인면,생활정수,0.7480,mg/L,7.3180,pH,0.0545,NTU
317,763,2022050317,온산정수장,3171012336,울산시 울주군 온산읍,공업용수,0.0221,mg/L,7.4407,pH,0.5342,NTU
318,762,2022050317,청주정수장,4311112353,충북 청주시 상당구,공업용수,0.0474,mg/L,7.6033,pH,0.3604,NTU
319,761,2022050317,와부정수장,4136012312,경기도 남양주시 와부읍,생활정수,0.8735,mg/L,7.4064,pH,0.0466,NTU
320,760,2022050317,시흥정수장,4127312314,경기도 안산시 선부2동,생활정수,0.8397,mg/L,7.6363,pH,0.0608,NTU
321,759,2022050317,수지정수장,4146512316,경기도 용인시 상현동,생활정수,0.8847,mg/L,7.5659,pH,0.0662,NTU
322,758,2022050317,덕소정수장,4136012317,경기도 남양주시 와부읍,생활정수,0.9006,mg/L,7.4280,pH,0.0426,NTU
323,757,2022050317,고양정수장,4128512319,경기도 고양시 일산동구,생활정수,0.9065,mg/L,7.5651,pH,0.0672,NTU
324,756,2022050317,천안정수장,4413112355,충남 천안시 동남구,생활정수,0.7800,mg/L,7.0821,pH,0.0634,NTU
325,755,2022050317,동화정수장,4574012385,전북 장수군 변암면,생활정수,0.7655,mg/L,7.0837,pH,0.0650,NTU
326,754,2022050317,밀양정수장,4827012381,경남 밀양시 산외면,생활정수,0.5311,mg/L,7.1074,pH,0.0450,NTU
327,753,2022050317,공주정수장,4415012357,충남 공주시 유구읍,생활정수,0.6882,mg/L,7.4449,pH,0.0349,NTU
328,752,2022050317,산성정수장,4518012363,전북 정읍시 옹동면,생활정수,0.9197,mg/L,7.6146,pH,0.0463,NTU
329,751,2022050317,부안정수장,4580012360,전북 부안군 변산면,생활정수,0.8293,mg/L,6.7788,pH,0.0305,NTU
330,750,2022050317,구천정수장,4831012332,경남 거제시 신협읍,생활정수,0.7251,mg/L,7.1184,pH,0.0504,NTU
331,749,2022050317,군산정수장,4513012365,전북 군산시 내흥동,공업용수,0.0073,mg/L,7.3358,pH,0.9791,NTU
332,748,2022050317,시흥정수장,4127312314,경기도 안산시 선부2동,공업용수,점검중,mg/L,7.5709,pH,0.1837,NTU
333,747,2022050317,반월정수장,4127112311,경기도 안산시 상록구,생활정수,0.8195,mg/L,7.4237,pH,0.0528,NTU
334,746,2022050317,송전정수장,4273012356,강원도 횡성군 횡성읍,생활정수,0.5409,mg/L,7.7869,pH,0.0404,NTU
335,745,2022050317,청주정수장,4311112353,충북 청주시 상당구,생활정수,0.8447,mg/L,7.5684,pH,0.0701,NTU
336,744,2022050317,고산정수장,4571012367,전북 완주군 고산면,생활정수,0.8542,mg/L,7.3585,pH,0.0412,NTU
337,743,2022050317,평림정수장,4688012387,전남 장성군 삼계면,생활정수,0.8645,mg/L,7.0061,pH,0.0602,NTU
338,742,2022050317,자인정수장,4729012339,경산시 자인면,생활정수,0.6879,mg/L,6.9574,pH,0.0660,NTU
339,741,2022050317,운문정수장,4782012340,경북 청도군 운문면,생활정수,0.7335,mg/L,7.2028,pH,0.0426,NTU
340,740,2022050317,반송정수장,4812312335,경남 창원시 성산구,생활정수,0.6451,mg/L,6.7787,pH,0.0750,NTU
341,739,2022050317,일산정수장,4128112315,경기도 고양시 덕양구,생활정수,0.9318,mg/L,7.5811,pH,0.0590,NTU
342,738,2022050317,금산정수장,4471012372,충남 금산군 남일면,생활정수,0.4787,mg/L,7.7483,pH,0.0895,NTU
343,737,2022050317,덕정정수장,4680012386,전남 장흥군 부산면,생활정수,0.8936,mg/L,7.3759,pH,0.0525,NTU
344,736,2022050317,별량정수장,4615012368,전남 순천시 별량면,생활정수,0.8311,mg/L,7.1925,pH,0.0544,NTU
345,735,2022050317,구미정수장,4719012337,경북 구미시 고아읍,생활정수,0.7138,mg/L,7.1523,pH,0.0648,NTU
346,734,2022050317,고령정수장,4783012344,경북 고령군 다산면,생활정수,0.7393,mg/L,7.2771,pH,0.0556,NTU
347,733,2022050317,학야정수장,4711312378,포항시 북구 기계면,생활정수,0.8036,mg/L,7.4455,pH,0.0639,NTU
348,732,2022050317,양산정수장,4833012382,경남 양산시 상북면,생활정수,0.5263,mg/L,7.0826,pH,0.0428,NTU
349,731,2022050317,대불정수장,4684012366,전남 무안군 몽타면,공업용수,점검중,mg/L,점검중,pH,0.2844,NTU
350,730,2022050317,사천정수장,4824012333,경남 사천시 축동면,생활정수,0.7719,mg/L,7.2203,pH,0.0348,NTU
351,729,2022050317,연초정수장,4831012331,경남 거제시 연초면,생활정수,0.7247,mg/L,7.2298,pH,0.0263,NTU
352,728,2022050317,성남정수장,4113112313,경기도 성남시 수정구,생활정수,0.8113,mg/L,7.5031,pH,0.0541,NTU
353,727,2022050317,천안정수장,4413112355,충남 천안시 동남구,공업용수,0.4619,mg/L,7.0435,pH,0.3365,NTU
354,726,2022050317,석성정수장,4476012351,충남 부여군 석성면,생활정수,0.7540,mg/L,7.3088,pH,0.0491,NTU
355,725,2022050317,파주정수장,4148012318,경기도 파주시 파주읍,공업용수,0.0000,mg/L,7.5034,pH,0.1526,NTU
356,724,2022050317,충주정수장,4313012380,충북 충주시 용탄동,생활정수,0.7845,mg/L,7.8414,pH,0.0368,NTU
357,723,2022050317,보령정수장,4418012359,층남 보령시 웅천읍,생활정수,0.8672,mg/L,7.7633,pH,0.0501,NTU
358,722,2022050317,아산정수장,4420012354,충남 아산시 영인면,공업용수,0.3933,mg/L,7.2758,pH,0.5982,NTU
359,721,2022050317,화순정수장,4679012364,전남 화순군 화순읍,생활정수,점검중,mg/L,7.0620,pH,0.0805,NTU
360,720,2022050316,평림정수장,4688012387,전남 장성군 삼계면,생활정수,0.8386,mg/L,7.0012,pH,0.0601,NTU
361,719,2022050316,청주정수장,4311112353,충북 청주시 상당구,생활정수,0.8453,mg/L,7.5708,pH,0.0695,NTU
362,718,2022050316,연초정수장,4831012331,경남 거제시 연초면,생활정수,0.7208,mg/L,7.2294,pH,0.0265,NTU
363,717,2022050316,황지정수장,4219012371,강원도 태백시 황지동,생활정수,0.8268,mg/L,7.2432,pH,0.0737,NTU
364,716,2022050316,와부정수장,4136012312,경기도 남양주시 와부읍,생활정수,0.8785,mg/L,7.4178,pH,0.0497,NTU
365,715,2022050316,구천정수장,4831012332,경남 거제시 신협읍,생활정수,0.7362,mg/L,7.1274,pH,0.0504,NTU
366,714,2022050316,반송정수장,4812312335,경남 창원시 성산구,생활정수,0.6274,mg/L,6.7791,pH,0.0743,NTU
367,713,2022050316,부안정수장,4580012360,전북 부안군 변산면,생활정수,0.8406,mg/L,6.7817,pH,0.0310,NTU
368,712,2022050316,시흥정수장,4127312314,경기도 안산시 선부2동,공업용수,점검중,mg/L,7.5705,pH,0.1825,NTU
369,711,2022050316,산성정수장,4518012363,전북 정읍시 옹동면,생활정수,0.9225,mg/L,7.6211,pH,0.0464,NTU
370,710,2022050316,학야정수장,4711312378,포항시 북구 기계면,생활정수,0.8003,mg/L,7.4482,pH,0.0640,NTU
371,709,2022050316,파주정수장,4148012318,경기도 파주시 파주읍,공업용수,0.0000,mg/L,7.4982,pH,0.1572,NTU
372,708,2022050316,청주정수장,4311112353,충북 청주시 상당구,공업용수,0.0241,mg/L,7.5865,pH,0.3614,NTU
373,707,2022050316,고령정수장,4783012344,경북 고령군 다산면,생활정수,0.7800,mg/L,7.2797,pH,0.0555,NTU
374,706,2022050316,사천정수장,4824012333,경남 사천시 축동면,생활정수,0.7651,mg/L,7.2130,pH,0.0351,NTU
375,705,2022050316,온산정수장,3171012336,울산시 울주군 온산읍,공업용수,0.0217,mg/L,7.5016,pH,0.5421,NTU
376,704,2022050316,천안정수장,4413112355,충남 천안시 동남구,공업용수,0.4901,mg/L,7.0478,pH,0.3083,NTU
377,703,2022050316,보령정수장,4418012359,층남 보령시 웅천읍,생활정수,0.8631,mg/L,7.7723,pH,0.0490,NTU
378,702,2022050316,공주정수장,4415012357,충남 공주시 유구읍,생활정수,0.6874,mg/L,7.4495,pH,0.0352,NTU
379,701,2022050316,성남정수장,4113112313,경기도 성남시 수정구,생활정수,0.8180,mg/L,7.5088,pH,0.0542,NTU
380,700,2022050316,덕정정수장,4680012386,전남 장흥군 부산면,생활정수,0.9055,mg/L,7.3777,pH,0.0534,NTU
381,699,2022050316,고양정수장,4128512319,경기도 고양시 일산동구,생활정수,0.9050,mg/L,7.5669,pH,0.0675,NTU
382,698,2022050316,아산정수장,4420012354,충남 아산시 영인면,공업용수,0.3474,mg/L,7.2700,pH,0.5665,NTU
383,697,2022050316,양산정수장,4833012382,경남 양산시 상북면,생활정수,0.5232,mg/L,7.0822,pH,0.0430,NTU
384,696,2022050316,반월정수장,4127112311,경기도 안산시 상록구,생활정수,0.8494,mg/L,7.4325,pH,0.0530,NTU
385,695,2022050316,금산정수장,4471012372,충남 금산군 남일면,생활정수,0.4595,mg/L,7.7465,pH,0.0892,NTU
386,694,2022050316,송전정수장,4273012356,강원도 횡성군 횡성읍,생활정수,0.6115,mg/L,7.7908,pH,0.0447,NTU
387,693,2022050316,충주정수장,4313012380,충북 충주시 용탄동,생활정수,0.7712,mg/L,7.8479,pH,0.0368,NTU
388,692,2022050316,동화정수장,4574012385,전북 장수군 변암면,생활정수,0.7730,mg/L,7.0883,pH,0.0650,NTU
389,691,2022050316,군산정수장,4513012365,전북 군산시 내흥동,공업용수,0.0175,mg/L,7.3408,pH,0.6534,NTU
390,690,2022050316,수지정수장,4146512316,경기도 용인시 상현동,생활정수,0.8597,mg/L,7.5619,pH,0.0633,NTU
391,689,2022050316,일산정수장,4128112315,경기도 고양시 덕양구,생활정수,0.9373,mg/L,7.5818,pH,0.0587,NTU
392,688,2022050316,시흥정수장,4127312314,경기도 안산시 선부2동,생활정수,0.8377,mg/L,7.6304,pH,0.0645,NTU
393,687,2022050316,자인정수장,4729012339,경산시 자인면,생활정수,0.6896,mg/L,6.9618,pH,0.0655,NTU
394,686,2022050316,화순정수장,4679012364,전남 화순군 화순읍,생활정수,점검중,mg/L,7.0676,pH,0.0802,NTU
395,685,2022050316,별량정수장,4615012368,전남 순천시 별량면,생활정수,0.8271,mg/L,7.1913,pH,0.0544,NTU
396,684,2022050316,운문정수장,4782012340,경북 청도군 운문면,생활정수,0.7367,mg/L,7.2022,pH,0.0427,NTU
397,683,2022050316,아산정수장,4420012354,충남 아산시 영인면,생활정수,0.7319,mg/L,7.3319,pH,0.0543,NTU
398,682,2022050316,고산정수장,4571012367,전북 완주군 고산면,생활정수,0.8658,mg/L,7.3521,pH,0.0415,NTU
399,681,2022050316,덕소정수장,4136012317,경기도 남양주시 와부읍,생활정수,0.9052,mg/L,7.4297,pH,0.0487,NTU
400,680,2022050316,구미정수장,4719012337,경북 구미시 고아읍,생활정수,0.7023,mg/L,7.1450,pH,0.0652,NTU
401,679,2022050316,천안정수장,4413112355,충남 천안시 동남구,생활정수,0.6975,mg/L,7.0863,pH,0.0637,NTU
402,678,2022050316,석성정수장,4476012351,충남 부여군 석성면,생활정수,0.7757,mg/L,7.3087,pH,0.0496,NTU
403,677,2022050316,대불정수장,4684012366,전남 무안군 몽타면,공업용수,점검중,mg/L,점검중,pH,0.2920,NTU
404,676,2022050316,밀양정수장,4827012381,경남 밀양시 산외면,생활정수,0.5291,mg/L,7.1060,pH,0.0451,NTU
405,675,2022050315,파주정수장,4148012318,경기도 파주시 파주읍,공업용수,0.0000,mg/L,7.4966,pH,0.1694,NTU
406,674,2022050315,양산정수장,4833012382,경남 양산시 상북면,생활정수,0.5263,mg/L,7.0756,pH,0.0430,NTU
407,673,2022050315,성남정수장,4113112313,경기도 성남시 수정구,생활정수,0.8283,mg/L,7.5083,pH,0.0540,NTU
408,672,2022050315,반월정수장,4127112311,경기도 안산시 상록구,생활정수,0.8925,mg/L,7.4279,pH,0.0529,NTU
409,671,2022050315,구미정수장,4719012337,경북 구미시 고아읍,생활정수,0.6940,mg/L,7.1451,pH,0.0650,NTU
410,670,2022050315,송전정수장,4273012356,강원도 횡성군 횡성읍,생활정수,0.6328,mg/L,7.7929,pH,0.0465,NTU
411,669,2022050315,공주정수장,4415012357,충남 공주시 유구읍,생활정수,0.6870,mg/L,7.4531,pH,0.0347,NTU
412,668,2022050315,고양정수장,4128512319,경기도 고양시 일산동구,생활정수,0.9038,mg/L,7.5691,pH,0.0677,NTU
413,667,2022050315,부안정수장,4580012360,전북 부안군 변산면,생활정수,0.8551,mg/L,6.7911,pH,0.0305,NTU
414,666,2022050315,천안정수장,4413112355,충남 천안시 동남구,공업용수,0.5161,mg/L,7.0467,pH,0.3120,NTU
415,665,2022050315,평림정수장,4688012387,전남 장성군 삼계면,생활정수,0.8449,mg/L,7.0107,pH,0.0600,NTU
416,664,2022050315,아산정수장,4420012354,충남 아산시 영인면,공업용수,0.3144,mg/L,7.2738,pH,0.5487,NTU
417,663,2022050315,황지정수장,4219012371,강원도 태백시 황지동,생활정수,0.8499,mg/L,7.2613,pH,0.0744,NTU
418,662,2022050315,산성정수장,4518012363,전북 정읍시 옹동면,생활정수,0.9025,mg/L,7.6373,pH,0.0489,NTU
419,661,2022050315,화순정수장,4679012364,전남 화순군 화순읍,생활정수,점검중,mg/L,7.0652,pH,0.0810,NTU
420,660,2022050315,덕소정수장,4136012317,경기도 남양주시 와부읍,생활정수,0.9097,mg/L,7.4335,pH,0.0590,NTU
421,659,2022050315,보령정수장,4418012359,층남 보령시 웅천읍,생활정수,0.8878,mg/L,7.7795,pH,0.0518,NTU
422,658,2022050315,시흥정수장,4127312314,경기도 안산시 선부2동,공업용수,점검중,mg/L,7.5793,pH,0.1800,NTU
423,657,2022050315,시흥정수장,4127312314,경기도 안산시 선부2동,생활정수,0.8345,mg/L,7.6301,pH,0.0689,NTU
424,656,2022050315,석성정수장,4476012351,충남 부여군 석성면,생활정수,0.8002,mg/L,7.3015,pH,0.0496,NTU
425,655,2022050315,대불정수장,4684012366,전남 무안군 몽타면,공업용수,점검중,mg/L,점검중,pH,0.2765,NTU
426,654,2022050315,밀양정수장,4827012381,경남 밀양시 산외면,생활정수,0.5326,mg/L,7.1051,pH,0.0447,NTU
427,653,2022050315,청주정수장,4311112353,충북 청주시 상당구,공업용수,0.0236,mg/L,7.5694,pH,0.3630,NTU
428,652,2022050315,충주정수장,4313012380,충북 충주시 용탄동,생활정수,0.7679,mg/L,7.8549,pH,0.0370,NTU
429,651,2022050315,와부정수장,4136012312,경기도 남양주시 와부읍,생활정수,0.8754,mg/L,7.4303,pH,0.0506,NTU
430,650,2022050315,고령정수장,4783012344,경북 고령군 다산면,생활정수,0.8136,mg/L,7.2806,pH,0.0553,NTU
431,649,2022050315,고산정수장,4571012367,전북 완주군 고산면,생활정수,0.8704,mg/L,7.3499,pH,0.0415,NTU
432,648,2022050315,천안정수장,4413112355,충남 천안시 동남구,생활정수,0.6616,mg/L,7.0944,pH,0.0654,NTU
433,647,2022050315,연초정수장,4831012331,경남 거제시 연초면,생활정수,0.7160,mg/L,7.2277,pH,0.0262,NTU
434,646,2022050315,별량정수장,4615012368,전남 순천시 별량면,생활정수,0.8281,mg/L,7.1987,pH,0.0542,NTU
435,645,2022050315,운문정수장,4782012340,경북 청도군 운문면,생활정수,0.7342,mg/L,7.2046,pH,0.0428,NTU
436,644,2022050315,동화정수장,4574012385,전북 장수군 변암면,생활정수,0.7710,mg/L,7.0729,pH,0.0650,NTU
437,643,2022050315,군산정수장,4513012365,전북 군산시 내흥동,공업용수,0.0041,mg/L,7.3497,pH,0.6540,NTU
438,642,2022050315,온산정수장,3171012336,울산시 울주군 온산읍,공업용수,0.0172,mg/L,7.5250,pH,0.5354,NTU
439,641,2022050315,수지정수장,4146512316,경기도 용인시 상현동,생활정수,0.8236,mg/L,7.5631,pH,0.0638,NTU
440,640,2022050315,구천정수장,4831012332,경남 거제시 신협읍,생활정수,0.7634,mg/L,7.1182,pH,0.0504,NTU
441,639,2022050315,반송정수장,4812312335,경남 창원시 성산구,생활정수,0.6388,mg/L,6.7930,pH,0.0818,NTU
442,638,2022050315,덕정정수장,4680012386,전남 장흥군 부산면,생활정수,0.9125,mg/L,7.3824,pH,0.0546,NTU
443,637,2022050315,학야정수장,4711312378,포항시 북구 기계면,생활정수,0.7815,mg/L,7.4493,pH,0.0639,NTU
444,636,2022050315,청주정수장,4311112353,충북 청주시 상당구,생활정수,0.8382,mg/L,7.5743,pH,0.0696,NTU
445,635,2022050315,일산정수장,4128112315,경기도 고양시 덕양구,생활정수,0.9315,mg/L,7.5814,pH,0.0590,NTU
446,634,2022050315,금산정수장,4471012372,충남 금산군 남일면,생활정수,0.4608,mg/L,7.7435,pH,0.0889,NTU
447,633,2022050315,자인정수장,4729012339,경산시 자인면,생활정수,0.6927,mg/L,6.9630,pH,0.0651,NTU
448,632,2022050315,아산정수장,4420012354,충남 아산시 영인면,생활정수,0.7363,mg/L,7.3321,pH,0.0540,NTU
449,631,2022050315,사천정수장,4824012333,경남 사천시 축동면,생활정수,0.7879,mg/L,7.2015,pH,0.0366,NTU
450,630,2022050314,운문정수장,4782012340,경북 청도군 운문면,생활정수,0.7123,mg/L,7.2102,pH,0.0441,NTU
451,629,2022050314,파주정수장,4148012318,경기도 파주시 파주읍,공업용수,0.0000,mg/L,7.4973,pH,0.2340,NTU
452,628,2022050314,고산정수장,4571012367,전북 완주군 고산면,생활정수,0.8617,mg/L,7.3518,pH,0.0414,NTU
453,627,2022050314,군산정수장,4513012365,전북 군산시 내흥동,공업용수,0.0043,mg/L,7.3237,pH,0.6536,NTU
454,626,2022050314,구미정수장,4719012337,경북 구미시 고아읍,생활정수,0.6896,mg/L,7.1477,pH,0.0654,NTU
455,625,2022050314,구천정수장,4831012332,경남 거제시 신협읍,생활정수,0.7785,mg/L,7.1125,pH,0.0504,NTU
456,624,2022050314,고양정수장,4128512319,경기도 고양시 일산동구,생활정수,0.9003,mg/L,7.5711,pH,0.0681,NTU
457,623,2022050314,자인정수장,4729012339,경산시 자인면,생활정수,0.6958,mg/L,6.9840,pH,0.0652,NTU
458,622,2022050314,대불정수장,4684012366,전남 무안군 몽타면,공업용수,점검중,mg/L,점검중,pH,0.2641,NTU
459,621,2022050314,연초정수장,4831012331,경남 거제시 연초면,생활정수,0.7138,mg/L,7.2268,pH,0.0263,NTU
460,620,2022050314,반월정수장,4127112311,경기도 안산시 상록구,생활정수,0.9102,mg/L,7.4245,pH,0.0533,NTU
461,619,2022050314,일산정수장,4128112315,경기도 고양시 덕양구,생활정수,0.9273,mg/L,7.5799,pH,0.0593,NTU
462,618,2022050314,보령정수장,4418012359,층남 보령시 웅천읍,생활정수,0.8758,mg/L,7.7793,pH,0.0538,NTU
463,617,2022050314,시흥정수장,4127312314,경기도 안산시 선부2동,공업용수,점검중,mg/L,7.6057,pH,0.1771,NTU
464,616,2022050314,산성정수장,4518012363,전북 정읍시 옹동면,생활정수,0.8851,mg/L,7.6474,pH,0.0481,NTU
465,615,2022050314,별량정수장,4615012368,전남 순천시 별량면,생활정수,0.8240,mg/L,7.1963,pH,0.0547,NTU
466,614,2022050314,아산정수장,4420012354,충남 아산시 영인면,생활정수,0.7351,mg/L,7.3322,pH,0.0534,NTU
467,613,2022050314,부안정수장,4580012360,전북 부안군 변산면,생활정수,0.8556,mg/L,6.7990,pH,0.0312,NTU
468,612,2022050314,동화정수장,4574012385,전북 장수군 변암면,생활정수,0.7659,mg/L,7.0650,pH,0.0650,NTU
469,611,2022050314,황지정수장,4219012371,강원도 태백시 황지동,생활정수,0.8462,mg/L,7.2712,pH,0.0741,NTU
470,610,2022050314,시흥정수장,4127312314,경기도 안산시 선부2동,생활정수,0.8341,mg/L,7.6278,pH,0.0707,NTU
471,609,2022050314,와부정수장,4136012312,경기도 남양주시 와부읍,생활정수,0.8723,mg/L,7.4401,pH,0.0555,NTU
472,608,2022050314,청주정수장,4311112353,충북 청주시 상당구,생활정수,0.8327,mg/L,7.5797,pH,0.0690,NTU
473,607,2022050314,수지정수장,4146512316,경기도 용인시 상현동,생활정수,0.8209,mg/L,7.5618,pH,0.0635,NTU
474,606,2022050314,금산정수장,4471012372,충남 금산군 남일면,생활정수,0.4565,mg/L,7.7403,pH,0.0888,NTU
475,605,2022050314,천안정수장,4413112355,충남 천안시 동남구,생활정수,0.6314,mg/L,7.1030,pH,0.0676,NTU
476,604,2022050314,석성정수장,4476012351,충남 부여군 석성면,생활정수,0.8312,mg/L,7.2887,pH,0.0501,NTU
477,603,2022050314,덕정정수장,4680012386,전남 장흥군 부산면,생활정수,0.9200,mg/L,7.3890,pH,0.0552,NTU
478,602,2022050314,청주정수장,4311112353,충북 청주시 상당구,공업용수,0.0250,mg/L,7.5701,pH,0.3651,NTU
479,601,2022050314,고령정수장,4783012344,경북 고령군 다산면,생활정수,0.8148,mg/L,7.0652,pH,0.0555,NTU
480,600,2022050314,공주정수장,4415012357,충남 공주시 유구읍,생활정수,0.6819,mg/L,7.4532,pH,0.0355,NTU
481,599,2022050314,화순정수장,4679012364,전남 화순군 화순읍,생활정수,점검중,mg/L,7.0730,pH,0.0802,NTU
482,598,2022050314,아산정수장,4420012354,충남 아산시 영인면,공업용수,0.3045,mg/L,7.2688,pH,0.5481,NTU
483,597,2022050314,양산정수장,4833012382,경남 양산시 상북면,생활정수,0.5215,mg/L,7.0677,pH,0.0430,NTU
484,596,2022050314,온산정수장,3171012336,울산시 울주군 온산읍,공업용수,0.0170,mg/L,7.5178,pH,0.5959,NTU
485,595,2022050314,평림정수장,4688012387,전남 장성군 삼계면,생활정수,0.8571,mg/L,7.0116,pH,0.0601,NTU
486,594,2022050314,학야정수장,4711312378,포항시 북구 기계면,생활정수,0.7830,mg/L,7.4514,pH,0.0639,NTU
487,593,2022050314,밀양정수장,4827012381,경남 밀양시 산외면,생활정수,0.5294,mg/L,7.1203,pH,0.0567,NTU
488,592,2022050314,충주정수장,4313012380,충북 충주시 용탄동,생활정수,0.7685,mg/L,7.8612,pH,0.0375,NTU
489,591,2022050314,사천정수장,4824012333,경남 사천시 축동면,생활정수,0.7829,mg/L,7.1873,pH,0.0378,NTU
490,590,2022050314,성남정수장,4113112313,경기도 성남시 수정구,생활정수,0.8268,mg/L,7.5171,pH,0.0542,NTU
491,589,2022050314,덕소정수장,4136012317,경기도 남양주시 와부읍,생활정수,0.9074,mg/L,7.4337,pH,0.0585,NTU
492,588,2022050314,천안정수장,4413112355,충남 천안시 동남구,공업용수,0.1374,mg/L,7.0531,pH,0.3040,NTU
493,587,2022050314,송전정수장,4273012356,강원도 횡성군 횡성읍,생활정수,0.6276,mg/L,7.7902,pH,0.0482,NTU
494,586,2022050314,반송정수장,4812312335,경남 창원시 성산구,생활정수,0.6524,mg/L,6.7890,pH,0.0832,NTU
495,585,2022050313,반월정수장,4127112311,경기도 안산시 상록구,생활정수,0.9091,mg/L,7.4188,pH,0.0534,NTU
496,584,2022050313,사천정수장,4824012333,경남 사천시 축동면,생활정수,0.7914,mg/L,7.1679,pH,0.0393,NTU
497,583,2022050313,운문정수장,4782012340,경북 청도군 운문면,생활정수,0.7177,mg/L,7.2112,pH,0.0439,NTU
498,582,2022050313,산성정수장,4518012363,전북 정읍시 옹동면,생활정수,0.8881,mg/L,7.6492,pH,0.0489,NTU
499,581,2022050313,공주정수장,4415012357,충남 공주시 유구읍,생활정수,0.6725,mg/L,7.4492,pH,0.0359,NTU
500,580,2022050313,구천정수장,4831012332,경남 거제시 신협읍,생활정수,0.7960,mg/L,7.1193,pH,0.0504,NTU
501,579,2022050313,충주정수장,4313012380,충북 충주시 용탄동,생활정수,0.7666,mg/L,7.8696,pH,0.0376,NTU
502,578,2022050313,천안정수장,4413112355,충남 천안시 동남구,공업용수,0.1213,mg/L,7.0584,pH,0.3125,NTU
503,577,2022050313,보령정수장,4418012359,층남 보령시 웅천읍,생활정수,0.8765,mg/L,7.7644,pH,0.0521,NTU
504,576,2022050313,시흥정수장,4127312314,경기도 안산시 선부2동,생활정수,0.8275,mg/L,7.6238,pH,0.0707,NTU
505,575,2022050313,화순정수장,4679012364,전남 화순군 화순읍,생활정수,점검중,mg/L,7.0845,pH,0.0798,NTU
506,574,2022050313,구미정수장,4719012337,경북 구미시 고아읍,생활정수,0.6862,mg/L,7.1459,pH,0.0667,NTU
507,573,2022050313,금산정수장,4471012372,충남 금산군 남일면,생활정수,0.4557,mg/L,7.7367,pH,0.0891,NTU
508,572,2022050313,반송정수장,4812312335,경남 창원시 성산구,생활정수,0.6582,mg/L,6.7896,pH,0.0800,NTU
509,571,2022050313,파주정수장,4148012318,경기도 파주시 파주읍,공업용수,0.0000,mg/L,7.5037,pH,0.1705,NTU
510,570,2022050313,고양정수장,4128512319,경기도 고양시 일산동구,생활정수,0.8955,mg/L,7.5741,pH,0.0685,NTU
511,569,2022050313,아산정수장,4420012354,충남 아산시 영인면,생활정수,0.7372,mg/L,7.3315,pH,0.0533,NTU
512,568,2022050313,군산정수장,4513012365,전북 군산시 내흥동,공업용수,0.0013,mg/L,7.3242,pH,0.6540,NTU
513,567,2022050313,덕소정수장,4136012317,경기도 남양주시 와부읍,생활정수,0.9046,mg/L,7.4343,pH,0.0579,NTU
514,566,2022050313,황지정수장,4219012371,강원도 태백시 황지동,생활정수,0.8014,mg/L,7.2669,pH,0.0737,NTU
515,565,2022050313,송전정수장,4273012356,강원도 횡성군 횡성읍,생활정수,0.6260,mg/L,7.7830,pH,0.0508,NTU
516,564,2022050313,석성정수장,4476012351,충남 부여군 석성면,생활정수,0.8499,mg/L,7.3047,pH,0.0503,NTU
517,563,2022050313,아산정수장,4420012354,충남 아산시 영인면,공업용수,0.3208,mg/L,7.2626,pH,0.5475,NTU
518,562,2022050313,고산정수장,4571012367,전북 완주군 고산면,생활정수,0.8650,mg/L,7.3530,pH,0.0414,NTU
519,561,2022050313,부안정수장,4580012360,전북 부안군 변산면,생활정수,0.8451,mg/L,6.8076,pH,0.0316,NTU
520,560,2022050313,시흥정수장,4127312314,경기도 안산시 선부2동,공업용수,점검중,mg/L,7.6232,pH,0.1807,NTU
521,559,2022050313,자인정수장,4729012339,경산시 자인면,생활정수,0.6976,mg/L,6.9964,pH,0.0652,NTU
522,558,2022050313,학야정수장,4711312378,포항시 북구 기계면,생활정수,0.7812,mg/L,7.4499,pH,0.0638,NTU
523,557,2022050313,연초정수장,4831012331,경남 거제시 연초면,생활정수,0.7163,mg/L,7.2217,pH,0.0267,NTU
524,556,2022050313,고령정수장,4783012344,경북 고령군 다산면,생활정수,0.7923,mg/L,6.9143,pH,0.0563,NTU
525,555,2022050313,동화정수장,4574012385,전북 장수군 변암면,생활정수,0.7622,mg/L,7.0610,pH,0.0650,NTU
526,554,2022050313,덕정정수장,4680012386,전남 장흥군 부산면,생활정수,0.9320,mg/L,7.3952,pH,0.0555,NTU
527,553,2022050313,밀양정수장,4827012381,경남 밀양시 산외면,생활정수,0.5384,mg/L,7.1124,pH,0.0444,NTU
528,552,2022050313,청주정수장,4311112353,충북 청주시 상당구,공업용수,0.0234,mg/L,7.5693,pH,0.3685,NTU
529,551,2022050313,양산정수장,4833012382,경남 양산시 상북면,생활정수,0.5227,mg/L,7.0605,pH,0.0430,NTU
530,550,2022050313,온산정수장,3171012336,울산시 울주군 온산읍,공업용수,0.0172,mg/L,7.5183,pH,0.5871,NTU
531,549,2022050313,성남정수장,4113112313,경기도 성남시 수정구,생활정수,0.8282,mg/L,7.5171,pH,0.0543,NTU
532,548,2022050313,수지정수장,4146512316,경기도 용인시 상현동,생활정수,0.8291,mg/L,7.5612,pH,0.0639,NTU
533,547,2022050313,일산정수장,4128112315,경기도 고양시 덕양구,생활정수,0.9204,mg/L,7.5784,pH,0.0602,NTU
534,546,2022050313,와부정수장,4136012312,경기도 남양주시 와부읍,생활정수,0.8641,mg/L,7.4473,pH,0.0543,NTU
535,545,2022050313,청주정수장,4311112353,충북 청주시 상당구,생활정수,0.8425,mg/L,7.5827,pH,0.0685,NTU
536,544,2022050313,천안정수장,4413112355,충남 천안시 동남구,생활정수,0.6835,mg/L,7.1095,pH,0.0685,NTU
537,543,2022050313,평림정수장,4688012387,전남 장성군 삼계면,생활정수,0.8212,mg/L,7.0017,pH,0.0599,NTU
538,542,2022050313,대불정수장,4684012366,전남 무안군 몽타면,공업용수,점검중,mg/L,점검중,pH,0.2627,NTU
539,541,2022050313,별량정수장,4615012368,전남 순천시 별량면,생활정수,0.8287,mg/L,7.2005,pH,0.0546,NTU
540,540,2022050312,사천정수장,4824012333,경남 사천시 축동면,생활정수,0.8032,mg/L,7.1408,pH,0.0396,NTU
541,539,2022050312,송전정수장,4273012356,강원도 횡성군 횡성읍,생활정수,0.6185,mg/L,7.7729,pH,0.0524,NTU
542,538,2022050312,학야정수장,4711312378,포항시 북구 기계면,생활정수,0.7822,mg/L,7.4569,pH,0.0641,NTU
543,537,2022050312,운문정수장,4782012340,경북 청도군 운문면,생활정수,0.7436,mg/L,7.2044,pH,0.0421,NTU
544,536,2022050312,일산정수장,4128112315,경기도 고양시 덕양구,생활정수,0.9234,mg/L,7.5781,pH,0.0603,NTU
545,535,2022050312,고령정수장,4783012344,경북 고령군 다산면,생활정수,0.7967,mg/L,6.9134,pH,0.0569,NTU
546,534,2022050312,시흥정수장,4127312314,경기도 안산시 선부2동,생활정수,0.8269,mg/L,7.6256,pH,0.0703,NTU
547,533,2022050312,와부정수장,4136012312,경기도 남양주시 와부읍,생활정수,0.8808,mg/L,7.4519,pH,0.0563,NTU
548,532,2022050312,천안정수장,4413112355,충남 천안시 동남구,생활정수,0.7149,mg/L,7.1155,pH,0.0687,NTU
549,531,2022050312,아산정수장,4420012354,충남 아산시 영인면,공업용수,0.3523,mg/L,7.2652,pH,0.5278,NTU
550,530,2022050312,고산정수장,4571012367,전북 완주군 고산면,생활정수,0.8730,mg/L,7.3526,pH,0.0411,NTU
551,529,2022050312,동화정수장,4574012385,전북 장수군 변암면,생활정수,0.7617,mg/L,7.0481,pH,0.0650,NTU
552,528,2022050312,파주정수장,4148012318,경기도 파주시 파주읍,공업용수,0.0000,mg/L,7.5114,pH,0.1767,NTU
553,527,2022050312,고양정수장,4128512319,경기도 고양시 일산동구,생활정수,0.8913,mg/L,7.5761,pH,0.0688,NTU
554,526,2022050312,충주정수장,4313012380,충북 충주시 용탄동,생활정수,0.7689,mg/L,7.8738,pH,0.0382,NTU
555,525,2022050312,부안정수장,4580012360,전북 부안군 변산면,생활정수,0.7914,mg/L,6.7604,pH,0.0309,NTU
556,524,2022050312,석성정수장,4476012351,충남 부여군 석성면,생활정수,0.8367,mg/L,7.3335,pH,0.0508,NTU
557,523,2022050312,구천정수장,4831012332,경남 거제시 신협읍,생활정수,0.8161,mg/L,7.1249,pH,0.0509,NTU
558,522,2022050312,아산정수장,4420012354,충남 아산시 영인면,생활정수,0.7386,mg/L,7.3289,pH,0.0527,NTU
559,521,2022050312,양산정수장,4833012382,경남 양산시 상북면,생활정수,0.5341,mg/L,7.0621,pH,0.0429,NTU
560,520,2022050312,화순정수장,4679012364,전남 화순군 화순읍,생활정수,점검중,mg/L,7.0883,pH,0.0778,NTU
561,519,2022050312,별량정수장,4615012368,전남 순천시 별량면,생활정수,0.8244,mg/L,7.2024,pH,0.0544,NTU
562,518,2022050312,온산정수장,3171012336,울산시 울주군 온산읍,공업용수,0.0158,mg/L,7.5193,pH,0.5577,NTU
563,517,2022050312,군산정수장,4513012365,전북 군산시 내흥동,공업용수,0.0016,mg/L,7.3228,pH,0.6535,NTU
564,516,2022050312,수지정수장,4146512316,경기도 용인시 상현동,생활정수,0.8249,mg/L,7.5582,pH,0.0641,NTU
565,515,2022050312,황지정수장,4219012371,강원도 태백시 황지동,생활정수,0.8223,mg/L,7.2701,pH,0.0742,NTU
566,514,2022050312,청주정수장,4311112353,충북 청주시 상당구,생활정수,0.8909,mg/L,7.5883,pH,0.0685,NTU
567,513,2022050312,천안정수장,4413112355,충남 천안시 동남구,공업용수,0.1492,mg/L,7.0661,pH,0.3336,NTU
568,512,2022050312,청주정수장,4311112353,충북 청주시 상당구,공업용수,0.0263,mg/L,7.5697,pH,0.3609,NTU
569,511,2022050312,구미정수장,4719012337,경북 구미시 고아읍,생활정수,0.6797,mg/L,7.1445,pH,0.0692,NTU
570,510,2022050312,보령정수장,4418012359,층남 보령시 웅천읍,생활정수,0.8804,mg/L,7.7364,pH,0.0544,NTU
571,509,2022050312,산성정수장,4518012363,전북 정읍시 옹동면,생활정수,0.8919,mg/L,7.6590,pH,0.0491,NTU
572,508,2022050312,공주정수장,4415012357,충남 공주시 유구읍,생활정수,0.6738,mg/L,7.4480,pH,0.0355,NTU
573,507,2022050312,덕정정수장,4680012386,전남 장흥군 부산면,생활정수,0.9451,mg/L,7.3978,pH,0.0553,NTU
574,506,2022050312,대불정수장,4684012366,전남 무안군 몽타면,공업용수,점검중,mg/L,점검중,pH,0.2611,NTU
575,505,2022050312,자인정수장,4729012339,경산시 자인면,생활정수,0.6934,mg/L,6.9944,pH,0.0653,NTU
576,504,2022050312,연초정수장,4831012331,경남 거제시 연초면,생활정수,0.7088,mg/L,7.2207,pH,0.0267,NTU
577,503,2022050312,성남정수장,4113112313,경기도 성남시 수정구,생활정수,0.8232,mg/L,7.5237,pH,0.0543,NTU
578,502,2022050312,시흥정수장,4127312314,경기도 안산시 선부2동,공업용수,점검중,mg/L,7.6233,pH,0.1796,NTU
579,501,2022050312,반월정수장,4127112311,경기도 안산시 상록구,생활정수,0.9069,mg/L,7.4380,pH,0.0532,NTU
580,500,2022050312,평림정수장,4688012387,전남 장성군 삼계면,생활정수,0.8403,mg/L,7.0055,pH,0.0600,NTU
581,499,2022050312,밀양정수장,4827012381,경남 밀양시 산외면,생활정수,0.5472,mg/L,7.1060,pH,0.0442,NTU
582,498,2022050312,반송정수장,4812312335,경남 창원시 성산구,생활정수,0.6519,mg/L,6.7882,pH,0.0753,NTU
583,497,2022050312,덕소정수장,4136012317,경기도 남양주시 와부읍,생활정수,0.8978,mg/L,7.4332,pH,0.0581,NTU
584,496,2022050312,금산정수장,4471012372,충남 금산군 남일면,생활정수,0.4585,mg/L,7.7328,pH,0.0888,NTU
585,495,2022050311,아산정수장,4420012354,충남 아산시 영인면,생활정수,0.7407,mg/L,7.3227,pH,0.0520,NTU
586,494,2022050311,산성정수장,4518012363,전북 정읍시 옹동면,생활정수,0.8788,mg/L,7.6690,pH,0.0490,NTU
587,493,2022050311,고산정수장,4571012367,전북 완주군 고산면,생활정수,0.8701,mg/L,7.3524,pH,0.0414,NTU
588,492,2022050311,동화정수장,4574012385,전북 장수군 변암면,생활정수,0.7624,mg/L,7.0427,pH,0.0651,NTU
589,491,2022050311,공주정수장,4415012357,충남 공주시 유구읍,생활정수,0.6769,mg/L,7.4463,pH,0.0357,NTU
590,490,2022050311,보령정수장,4418012359,층남 보령시 웅천읍,생활정수,0.8835,mg/L,7.7138,pH,0.0544,NTU
591,489,2022050311,사천정수장,4824012333,경남 사천시 축동면,생활정수,0.8207,mg/L,7.1111,pH,0.0400,NTU
592,488,2022050311,석성정수장,4476012351,충남 부여군 석성면,생활정수,0.7998,mg/L,7.3803,pH,0.0512,NTU
593,487,2022050311,화순정수장,4679012364,전남 화순군 화순읍,생활정수,점검중,mg/L,7.0956,pH,0.0765,NTU
594,486,2022050311,대불정수장,4684012366,전남 무안군 몽타면,공업용수,점검중,mg/L,점검중,pH,0.2612,NTU
595,485,2022050311,반송정수장,4812312335,경남 창원시 성산구,생활정수,0.6501,mg/L,6.7842,pH,0.0737,NTU
596,484,2022050311,연초정수장,4831012331,경남 거제시 연초면,생활정수,0.7058,mg/L,7.2157,pH,0.0267,NTU
597,483,2022050311,고령정수장,4783012344,경북 고령군 다산면,생활정수,0.8096,mg/L,6.9131,pH,0.0569,NTU
598,482,2022050311,고양정수장,4128512319,경기도 고양시 일산동구,생활정수,0.8855,mg/L,7.5755,pH,0.0700,NTU
599,481,2022050311,일산정수장,4128112315,경기도 고양시 덕양구,생활정수,0.9288,mg/L,7.5803,pH,0.0602,NTU
600,480,2022050311,성남정수장,4113112313,경기도 성남시 수정구,생활정수,0.8173,mg/L,7.5239,pH,0.0540,NTU
601,479,2022050311,구천정수장,4831012332,경남 거제시 신협읍,생활정수,0.8239,mg/L,7.1468,pH,0.0505,NTU
602,478,2022050311,덕정정수장,4680012386,전남 장흥군 부산면,생활정수,0.9447,mg/L,7.4023,pH,0.0552,NTU
603,477,2022050311,별량정수장,4615012368,전남 순천시 별량면,생활정수,0.8212,mg/L,7.1965,pH,0.0544,NTU
604,476,2022050311,평림정수장,4688012387,전남 장성군 삼계면,생활정수,0.8705,mg/L,7.0178,pH,0.0600,NTU
605,475,2022050311,수지정수장,4146512316,경기도 용인시 상현동,생활정수,0.8144,mg/L,7.5576,pH,0.0647,NTU
606,474,2022050311,양산정수장,4833012382,경남 양산시 상북면,생활정수,0.5303,mg/L,7.0647,pH,0.0430,NTU
607,473,2022050311,천안정수장,4413112355,충남 천안시 동남구,생활정수,0.7170,mg/L,7.1186,pH,0.0688,NTU
608,472,2022050311,충주정수장,4313012380,충북 충주시 용탄동,생활정수,0.7681,mg/L,7.8783,pH,0.0393,NTU
609,471,2022050311,청주정수장,4311112353,충북 청주시 상당구,생활정수,0.9182,mg/L,7.5903,pH,0.0693,NTU
610,470,2022050311,천안정수장,4413112355,충남 천안시 동남구,공업용수,0.2466,mg/L,7.0716,pH,0.3164,NTU
611,469,2022050311,부안정수장,4580012360,전북 부안군 변산면,생활정수,0.8241,mg/L,6.8311,pH,0.0322,NTU
612,468,2022050311,학야정수장,4711312378,포항시 북구 기계면,생활정수,0.7840,mg/L,7.4685,pH,0.0644,NTU
613,467,2022050311,자인정수장,4729012339,경산시 자인면,생활정수,0.6897,mg/L,6.9931,pH,0.0653,NTU
614,466,2022050311,군산정수장,4513012365,전북 군산시 내흥동,공업용수,0.0024,mg/L,7.3260,pH,0.6542,NTU
615,465,2022050311,구미정수장,4719012337,경북 구미시 고아읍,생활정수,0.6727,mg/L,7.1436,pH,0.0677,NTU
616,464,2022050311,시흥정수장,4127312314,경기도 안산시 선부2동,공업용수,점검중,mg/L,7.6312,pH,0.1895,NTU
617,463,2022050311,덕소정수장,4136012317,경기도 남양주시 와부읍,생활정수,0.8840,mg/L,7.4325,pH,0.0587,NTU
618,462,2022050311,황지정수장,4219012371,강원도 태백시 황지동,생활정수,0.8435,mg/L,7.2610,pH,0.0742,NTU
619,461,2022050311,시흥정수장,4127312314,경기도 안산시 선부2동,생활정수,0.8239,mg/L,7.6278,pH,0.0662,NTU
620,460,2022050311,송전정수장,4273012356,강원도 횡성군 횡성읍,생활정수,0.5859,mg/L,7.7671,pH,0.0544,NTU
621,459,2022050311,금산정수장,4471012372,충남 금산군 남일면,생활정수,0.4571,mg/L,7.7289,pH,0.0887,NTU
622,458,2022050311,와부정수장,4136012312,경기도 남양주시 와부읍,생활정수,0.8886,mg/L,7.4553,pH,0.0572,NTU
623,457,2022050311,운문정수장,4782012340,경북 청도군 운문면,생활정수,0.7524,mg/L,7.2045,pH,0.0431,NTU
624,456,2022050311,청주정수장,4311112353,충북 청주시 상당구,공업용수,0.0342,mg/L,7.5848,pH,0.3622,NTU
625,455,2022050311,반월정수장,4127112311,경기도 안산시 상록구,생활정수,0.9712,mg/L,7.4531,pH,0.0530,NTU
626,454,2022050311,밀양정수장,4827012381,경남 밀양시 산외면,생활정수,0.5583,mg/L,7.1082,pH,0.0445,NTU
627,453,2022050311,온산정수장,3171012336,울산시 울주군 온산읍,공업용수,0.0162,mg/L,7.5201,pH,0.5860,NTU
628,452,2022050311,파주정수장,4148012318,경기도 파주시 파주읍,공업용수,0.0000,mg/L,7.5147,pH,0.1866,NTU
629,451,2022050311,아산정수장,4420012354,충남 아산시 영인면,공업용수,0.4143,mg/L,7.2692,pH,0.5132,NTU
630,450,2022050310,산성정수장,4518012363,전북 정읍시 옹동면,생활정수,0.9065,mg/L,7.6750,pH,0.0487,NTU
631,449,2022050310,연초정수장,4831012331,경남 거제시 연초면,생활정수,0.7135,mg/L,7.2215,pH,0.0261,NTU
632,448,2022050310,일산정수장,4128112315,경기도 고양시 덕양구,생활정수,0.9293,mg/L,7.5800,pH,0.0606,NTU
633,447,2022050310,대불정수장,4684012366,전남 무안군 몽타면,공업용수,점검중,mg/L,점검중,pH,0.2597,NTU
634,446,2022050310,파주정수장,4148012318,경기도 파주시 파주읍,공업용수,0.0000,mg/L,7.5142,pH,0.1904,NTU
635,445,2022050310,고령정수장,4783012344,경북 고령군 다산면,생활정수,0.7707,mg/L,6.9117,pH,0.0565,NTU
636,444,2022050310,황지정수장,4219012371,강원도 태백시 황지동,생활정수,0.8398,mg/L,7.2612,pH,0.0742,NTU
637,443,2022050310,반송정수장,4812312335,경남 창원시 성산구,생활정수,0.6556,mg/L,6.7839,pH,0.0751,NTU
638,442,2022050310,금산정수장,4471012372,충남 금산군 남일면,생활정수,0.4596,mg/L,7.7256,pH,0.0886,NTU
639,441,2022050310,사천정수장,4824012333,경남 사천시 축동면,생활정수,0.8358,mg/L,7.0850,pH,0.0406,NTU
640,440,2022050310,와부정수장,4136012312,경기도 남양주시 와부읍,생활정수,0.8932,mg/L,7.4546,pH,0.0587,NTU
641,439,2022050310,천안정수장,4413112355,충남 천안시 동남구,생활정수,0.7254,mg/L,7.1217,pH,0.0687,NTU
642,438,2022050310,별량정수장,4615012368,전남 순천시 별량면,생활정수,0.8409,mg/L,7.2003,pH,0.0542,NTU
643,437,2022050310,수지정수장,4146512316,경기도 용인시 상현동,생활정수,0.8406,mg/L,7.5588,pH,0.0669,NTU
644,436,2022050310,부안정수장,4580012360,전북 부안군 변산면,생활정수,0.8297,mg/L,6.7975,pH,0.0322,NTU
645,435,2022050310,공주정수장,4415012357,충남 공주시 유구읍,생활정수,0.6761,mg/L,7.4447,pH,0.0359,NTU
646,434,2022050310,석성정수장,4476012351,충남 부여군 석성면,생활정수,0.7882,mg/L,7.4287,pH,0.0521,NTU
647,433,2022050310,자인정수장,4729012339,경산시 자인면,생활정수,0.6879,mg/L,6.9935,pH,0.0652,NTU
648,432,2022050310,고양정수장,4128512319,경기도 고양시 일산동구,생활정수,0.8769,mg/L,7.5771,pH,0.0712,NTU
649,431,2022050310,송전정수장,4273012356,강원도 횡성군 횡성읍,생활정수,0.5879,mg/L,7.7598,pH,0.0552,NTU
650,430,2022050310,천안정수장,4413112355,충남 천안시 동남구,공업용수,0.4977,mg/L,7.0761,pH,0.3212,NTU
651,429,2022050310,아산정수장,4420012354,충남 아산시 영인면,공업용수,0.3796,mg/L,7.2630,pH,0.5120,NTU
652,428,2022050310,고산정수장,4571012367,전북 완주군 고산면,생활정수,0.8762,mg/L,7.3494,pH,0.0414,NTU
653,427,2022050310,보령정수장,4418012359,층남 보령시 웅천읍,생활정수,0.8735,mg/L,7.6807,pH,0.0576,NTU
654,426,2022050310,아산정수장,4420012354,충남 아산시 영인면,생활정수,0.7371,mg/L,7.3139,pH,0.0515,NTU
655,425,2022050310,학야정수장,4711312378,포항시 북구 기계면,생활정수,0.7795,mg/L,7.4685,pH,0.0677,NTU
656,424,2022050310,구미정수장,4719012337,경북 구미시 고아읍,생활정수,0.6624,mg/L,7.1434,pH,0.0661,NTU
657,423,2022050310,성남정수장,4113112313,경기도 성남시 수정구,생활정수,0.8079,mg/L,7.5304,pH,0.0540,NTU
658,422,2022050310,반월정수장,4127112311,경기도 안산시 상록구,생활정수,1.0620,mg/L,7.4630,pH,0.0530,NTU
659,421,2022050310,화순정수장,4679012364,전남 화순군 화순읍,생활정수,점검중,mg/L,7.1031,pH,0.0763,NTU
660,420,2022050310,밀양정수장,4827012381,경남 밀양시 산외면,생활정수,0.5700,mg/L,7.1061,pH,0.0446,NTU
661,419,2022050310,군산정수장,4513012365,전북 군산시 내흥동,공업용수,0.0038,mg/L,7.3329,pH,0.6542,NTU
662,418,2022050310,시흥정수장,4127312314,경기도 안산시 선부2동,생활정수,0.8202,mg/L,7.6288,pH,0.0622,NTU
663,417,2022050310,덕소정수장,4136012317,경기도 남양주시 와부읍,생활정수,0.8713,mg/L,7.4309,pH,0.0588,NTU
664,416,2022050310,평림정수장,4688012387,전남 장성군 삼계면,생활정수,0.8699,mg/L,7.0243,pH,0.0600,NTU
665,415,2022050310,운문정수장,4782012340,경북 청도군 운문면,생활정수,0.7580,mg/L,7.2051,pH,0.0425,NTU
666,414,2022050310,청주정수장,4311112353,충북 청주시 상당구,공업용수,0.0580,mg/L,7.5927,pH,0.3706,NTU
667,413,2022050310,시흥정수장,4127312314,경기도 안산시 선부2동,공업용수,점검중,mg/L,7.6394,pH,0.1966,NTU
668,412,2022050310,충주정수장,4313012380,충북 충주시 용탄동,생활정수,0.7703,mg/L,7.8791,pH,0.0389,NTU
669,411,2022050310,청주정수장,4311112353,충북 청주시 상당구,생활정수,0.9165,mg/L,7.5942,pH,0.0689,NTU
670,410,2022050310,동화정수장,4574012385,전북 장수군 변암면,생활정수,0.7667,mg/L,7.0325,pH,0.0650,NTU
671,409,2022050310,구천정수장,4831012332,경남 거제시 신협읍,생활정수,0.8298,mg/L,7.1483,pH,0.0503,NTU
672,408,2022050310,덕정정수장,4680012386,전남 장흥군 부산면,생활정수,0.9417,mg/L,7.4017,pH,0.0558,NTU
673,407,2022050310,온산정수장,3171012336,울산시 울주군 온산읍,공업용수,0.0163,mg/L,7.5210,pH,0.5994,NTU
674,406,2022050310,양산정수장,4833012382,경남 양산시 상북면,생활정수,0.5308,mg/L,7.0663,pH,0.0431,NTU
675,405,2022050309,청주정수장,4311112353,충북 청주시 상당구,생활정수,0.9197,mg/L,7.5943,pH,0.0689,NTU
676,404,2022050309,군산정수장,4513012365,전북 군산시 내흥동,공업용수,0.0030,mg/L,7.3313,pH,0.6543,NTU
677,403,2022050309,공주정수장,4415012357,충남 공주시 유구읍,생활정수,0.6759,mg/L,7.4434,pH,0.0358,NTU
678,402,2022050309,보령정수장,4418012359,층남 보령시 웅천읍,생활정수,0.8872,mg/L,7.6413,pH,0.0585,NTU
679,401,2022050309,아산정수장,4420012354,충남 아산시 영인면,생활정수,0.7351,mg/L,7.3077,pH,0.0512,NTU
680,400,2022050309,반송정수장,4812312335,경남 창원시 성산구,생활정수,0.6442,mg/L,6.7792,pH,0.0747,NTU
681,399,2022050309,연초정수장,4831012331,경남 거제시 연초면,생활정수,0.7214,mg/L,7.2269,pH,0.0261,NTU
682,398,2022050309,덕소정수장,4136012317,경기도 남양주시 와부읍,생활정수,0.8452,mg/L,7.4308,pH,0.0585,NTU
683,397,2022050309,시흥정수장,4127312314,경기도 안산시 선부2동,공업용수,점검중,mg/L,7.6458,pH,0.2002,NTU
684,396,2022050309,금산정수장,4471012372,충남 금산군 남일면,생활정수,0.4618,mg/L,7.7246,pH,0.0881,NTU
685,395,2022050309,양산정수장,4833012382,경남 양산시 상북면,생활정수,0.5384,mg/L,7.0688,pH,0.0430,NTU
686,394,2022050309,와부정수장,4136012312,경기도 남양주시 와부읍,생활정수,0.8883,mg/L,7.4507,pH,0.0618,NTU
687,393,2022050309,천안정수장,4413112355,충남 천안시 동남구,생활정수,0.7179,mg/L,7.1258,pH,0.0689,NTU
688,392,2022050309,청주정수장,4311112353,충북 청주시 상당구,공업용수,0.0859,mg/L,7.5905,pH,0.3583,NTU
689,391,2022050309,구미정수장,4719012337,경북 구미시 고아읍,생활정수,0.6662,mg/L,7.1439,pH,0.0667,NTU
690,390,2022050309,고령정수장,4783012344,경북 고령군 다산면,생활정수,0.7280,mg/L,6.9093,pH,0.0569,NTU
691,389,2022050309,시흥정수장,4127312314,경기도 안산시 선부2동,생활정수,0.8201,mg/L,7.6325,pH,0.0609,NTU
692,388,2022050309,부안정수장,4580012360,전북 부안군 변산면,생활정수,0.8530,mg/L,6.8057,pH,0.0322,NTU
693,387,2022050309,화순정수장,4679012364,전남 화순군 화순읍,생활정수,점검중,mg/L,7.1054,pH,0.0768,NTU
694,386,2022050309,덕정정수장,4680012386,전남 장흥군 부산면,생활정수,0.9392,mg/L,7.4013,pH,0.0559,NTU
695,385,2022050309,학야정수장,4711312378,포항시 북구 기계면,생활정수,0.7429,mg/L,7.4681,pH,0.0689,NTU
696,384,2022050309,석성정수장,4476012351,충남 부여군 석성면,생활정수,0.7804,mg/L,7.4766,pH,0.0527,NTU
697,383,2022050309,파주정수장,4148012318,경기도 파주시 파주읍,공업용수,0.0000,mg/L,7.5120,pH,0.1841,NTU
698,382,2022050309,수지정수장,4146512316,경기도 용인시 상현동,생활정수,0.8222,mg/L,7.5616,pH,0.0702,NTU
699,381,2022050309,반월정수장,4127112311,경기도 안산시 상록구,생활정수,1.0774,mg/L,7.4669,pH,0.0532,NTU
700,380,2022050309,고양정수장,4128512319,경기도 고양시 일산동구,생활정수,0.8679,mg/L,7.5826,pH,0.0708,NTU
701,379,2022050309,천안정수장,4413112355,충남 천안시 동남구,공업용수,0.4807,mg/L,7.0788,pH,0.3280,NTU
702,378,2022050309,충주정수장,4313012380,충북 충주시 용탄동,생활정수,0.8070,mg/L,7.8816,pH,0.0392,NTU
703,377,2022050309,고산정수장,4571012367,전북 완주군 고산면,생활정수,0.8842,mg/L,7.3463,pH,0.0414,NTU
704,376,2022050309,산성정수장,4518012363,전북 정읍시 옹동면,생활정수,0.9313,mg/L,7.6723,pH,0.0479,NTU
705,375,2022050309,사천정수장,4824012333,경남 사천시 축동면,생활정수,0.8528,mg/L,7.0682,pH,0.0397,NTU
706,374,2022050309,평림정수장,4688012387,전남 장성군 삼계면,생활정수,0.8432,mg/L,7.0236,pH,0.0604,NTU
707,373,2022050309,별량정수장,4615012368,전남 순천시 별량면,생활정수,0.8328,mg/L,7.1963,pH,0.0544,NTU
708,372,2022050309,대불정수장,4684012366,전남 무안군 몽타면,공업용수,점검중,mg/L,점검중,pH,0.2594,NTU
709,371,2022050309,자인정수장,4729012339,경산시 자인면,생활정수,0.6854,mg/L,6.9915,pH,0.0645,NTU
710,370,2022050309,일산정수장,4128112315,경기도 고양시 덕양구,생활정수,0.9185,mg/L,7.5791,pH,0.0606,NTU
711,369,2022050309,송전정수장,4273012356,강원도 횡성군 횡성읍,생활정수,0.5951,mg/L,7.7596,pH,0.0565,NTU
712,368,2022050309,운문정수장,4782012340,경북 청도군 운문면,생활정수,0.7589,mg/L,7.2056,pH,0.0413,NTU
713,367,2022050309,밀양정수장,4827012381,경남 밀양시 산외면,생활정수,0.5528,mg/L,7.1061,pH,0.0459,NTU
714,366,2022050309,온산정수장,3171012336,울산시 울주군 온산읍,공업용수,0.0163,mg/L,7.5239,pH,0.6188,NTU
715,365,2022050309,성남정수장,4113112313,경기도 성남시 수정구,생활정수,0.7974,mg/L,7.5272,pH,0.0539,NTU
716,364,2022050309,황지정수장,4219012371,강원도 태백시 황지동,생활정수,0.8295,mg/L,7.2510,pH,0.0736,NTU
717,363,2022050309,동화정수장,4574012385,전북 장수군 변암면,생활정수,0.7702,mg/L,7.0282,pH,0.0650,NTU
718,362,2022050309,구천정수장,4831012332,경남 거제시 신협읍,생활정수,0.8302,mg/L,7.1440,pH,0.0505,NTU
719,361,2022050309,아산정수장,4420012354,충남 아산시 영인면,공업용수,0.3619,mg/L,7.2600,pH,0.5159,NTU
720,360,2022050308,청주정수장,4311112353,충북 청주시 상당구,생활정수,0.9173,mg/L,7.5935,pH,0.0673,NTU
721,359,2022050308,밀양정수장,4827012381,경남 밀양시 산외면,생활정수,0.5177,mg/L,7.1059,pH,0.0448,NTU
722,358,2022050308,황지정수장,4219012371,강원도 태백시 황지동,생활정수,0.8572,mg/L,7.2566,pH,0.0743,NTU
723,357,2022050308,충주정수장,4313012380,충북 충주시 용탄동,생활정수,0.8312,mg/L,7.8847,pH,0.0389,NTU
724,356,2022050308,공주정수장,4415012357,충남 공주시 유구읍,생활정수,0.6753,mg/L,7.4416,pH,0.0356,NTU
725,355,2022050308,자인정수장,4729012339,경산시 자인면,생활정수,0.6820,mg/L,6.9834,pH,0.0650,NTU
726,354,2022050308,반송정수장,4812312335,경남 창원시 성산구,생활정수,0.6291,mg/L,6.7814,pH,0.0741,NTU
727,353,2022050308,구천정수장,4831012332,경남 거제시 신협읍,생활정수,0.8327,mg/L,7.1456,pH,0.0506,NTU
728,352,2022050308,일산정수장,4128112315,경기도 고양시 덕양구,생활정수,0.9228,mg/L,7.5812,pH,0.0610,NTU
729,351,2022050308,석성정수장,4476012351,충남 부여군 석성면,생활정수,0.7790,mg/L,7.5205,pH,0.0528,NTU
730,350,2022050308,보령정수장,4418012359,층남 보령시 웅천읍,생활정수,0.8845,mg/L,7.6163,pH,0.0580,NTU
731,349,2022050308,부안정수장,4580012360,전북 부안군 변산면,생활정수,0.8457,mg/L,6.7656,pH,0.0312,NTU
732,348,2022050308,대불정수장,4684012366,전남 무안군 몽타면,공업용수,점검중,mg/L,점검중,pH,0.2618,NTU
733,347,2022050308,학야정수장,4711312378,포항시 북구 기계면,생활정수,0.7346,mg/L,7.4685,pH,0.0745,NTU
734,346,2022050308,사천정수장,4824012333,경남 사천시 축동면,생활정수,0.8611,mg/L,7.0698,pH,0.0392,NTU
735,345,2022050308,반월정수장,4127112311,경기도 안산시 상록구,생활정수,1.0476,mg/L,7.4685,pH,0.0534,NTU
736,344,2022050308,금산정수장,4471012372,충남 금산군 남일면,생활정수,0.4668,mg/L,7.7251,pH,0.0882,NTU
737,343,2022050308,아산정수장,4420012354,충남 아산시 영인면,공업용수,0.4253,mg/L,7.2637,pH,0.5180,NTU
738,342,2022050308,평림정수장,4688012387,전남 장성군 삼계면,생활정수,0.8467,mg/L,7.0185,pH,0.0612,NTU
739,341,2022050308,고산정수장,4571012367,전북 완주군 고산면,생활정수,0.8861,mg/L,7.3432,pH,0.0413,NTU
740,340,2022050308,동화정수장,4574012385,전북 장수군 변암면,생활정수,0.7652,mg/L,7.0445,pH,0.0650,NTU
741,339,2022050308,온산정수장,3171012336,울산시 울주군 온산읍,공업용수,0.0167,mg/L,7.5317,pH,0.5824,NTU
742,338,2022050308,와부정수장,4136012312,경기도 남양주시 와부읍,생활정수,0.8901,mg/L,7.4446,pH,0.0607,NTU
743,337,2022050308,구미정수장,4719012337,경북 구미시 고아읍,생활정수,0.6884,mg/L,7.1474,pH,0.0682,NTU
744,336,2022050308,고양정수장,4128512319,경기도 고양시 일산동구,생활정수,0.8628,mg/L,7.5897,pH,0.0697,NTU
745,335,2022050308,천안정수장,4413112355,충남 천안시 동남구,공업용수,0.5016,mg/L,7.0777,pH,0.3338,NTU
746,334,2022050308,덕소정수장,4136012317,경기도 남양주시 와부읍,생활정수,0.8105,mg/L,7.4310,pH,0.0590,NTU
747,333,2022050308,송전정수장,4273012356,강원도 횡성군 횡성읍,생활정수,0.5908,mg/L,7.7582,pH,0.0566,NTU
748,332,2022050308,아산정수장,4420012354,충남 아산시 영인면,생활정수,0.7367,mg/L,7.3015,pH,0.0509,NTU
749,331,2022050308,화순정수장,4679012364,전남 화순군 화순읍,생활정수,점검중,mg/L,7.1058,pH,0.0770,NTU
750,330,2022050308,별량정수장,4615012368,전남 순천시 별량면,생활정수,0.8120,mg/L,7.1948,pH,0.0541,NTU
751,329,2022050308,양산정수장,4833012382,경남 양산시 상북면,생활정수,0.5381,mg/L,7.0645,pH,0.0425,NTU
752,328,2022050308,연초정수장,4831012331,경남 거제시 연초면,생활정수,0.7149,mg/L,7.2213,pH,0.0253,NTU
753,327,2022050308,청주정수장,4311112353,충북 청주시 상당구,공업용수,0.1144,mg/L,7.5895,pH,0.3654,NTU
754,326,2022050308,성남정수장,4113112313,경기도 성남시 수정구,생활정수,0.7948,mg/L,7.5311,pH,0.0543,NTU
755,325,2022050308,시흥정수장,4127312314,경기도 안산시 선부2동,생활정수,0.8150,mg/L,7.6274,pH,0.0609,NTU
756,324,2022050308,시흥정수장,4127312314,경기도 안산시 선부2동,공업용수,점검중,mg/L,7.6473,pH,0.2021,NTU
757,323,2022050308,수지정수장,4146512316,경기도 용인시 상현동,생활정수,0.8112,mg/L,7.5636,pH,0.0714,NTU
758,322,2022050308,운문정수장,4782012340,경북 청도군 운문면,생활정수,0.7435,mg/L,7.2024,pH,0.0416,NTU
759,321,2022050308,파주정수장,4148012318,경기도 파주시 파주읍,공업용수,0.0000,mg/L,7.5109,pH,0.1796,NTU
760,320,2022050308,군산정수장,4513012365,전북 군산시 내흥동,공업용수,0.0025,mg/L,7.3219,pH,0.6538,NTU
761,319,2022050308,고령정수장,4783012344,경북 고령군 다산면,생활정수,0.7325,mg/L,6.9113,pH,0.0567,NTU
762,318,2022050308,산성정수장,4518012363,전북 정읍시 옹동면,생활정수,0.9225,mg/L,7.6605,pH,0.0475,NTU
763,317,2022050308,덕정정수장,4680012386,전남 장흥군 부산면,생활정수,0.9375,mg/L,7.4006,pH,0.0558,NTU
764,316,2022050308,천안정수장,4413112355,충남 천안시 동남구,생활정수,0.7243,mg/L,7.1250,pH,0.0687,NTU
765,315,2022050307,반월정수장,4127112311,경기도 안산시 상록구,생활정수,1.0439,mg/L,7.4772,pH,0.0535,NTU
766,314,2022050307,양산정수장,4833012382,경남 양산시 상북면,생활정수,0.5472,mg/L,7.0698,pH,0.0424,NTU
767,313,2022050307,아산정수장,4420012354,충남 아산시 영인면,공업용수,0.4648,mg/L,7.2617,pH,0.5206,NTU
768,312,2022050307,고산정수장,4571012367,전북 완주군 고산면,생활정수,0.8877,mg/L,7.3434,pH,0.0423,NTU
769,311,2022050307,화순정수장,4679012364,전남 화순군 화순읍,생활정수,점검중,mg/L,7.1027,pH,0.0758,NTU
770,310,2022050307,대불정수장,4684012366,전남 무안군 몽타면,공업용수,점검중,mg/L,점검중,pH,0.2603,NTU
771,309,2022050307,자인정수장,4729012339,경산시 자인면,생활정수,0.6799,mg/L,6.9769,pH,0.0652,NTU
772,308,2022050307,반송정수장,4812312335,경남 창원시 성산구,생활정수,0.6185,mg/L,6.7845,pH,0.0762,NTU
773,307,2022050307,고양정수장,4128512319,경기도 고양시 일산동구,생활정수,0.8616,mg/L,7.5927,pH,0.0692,NTU
774,306,2022050307,동화정수장,4574012385,전북 장수군 변암면,생활정수,0.7632,mg/L,7.0482,pH,0.0650,NTU
775,305,2022050307,성남정수장,4113112313,경기도 성남시 수정구,생활정수,0.7915,mg/L,7.5396,pH,0.0544,NTU
776,304,2022050307,수지정수장,4146512316,경기도 용인시 상현동,생활정수,0.7992,mg/L,7.5698,pH,0.0678,NTU
777,303,2022050307,평림정수장,4688012387,전남 장성군 삼계면,생활정수,0.8554,mg/L,7.0241,pH,0.0609,NTU
778,302,2022050307,별량정수장,4615012368,전남 순천시 별량면,생활정수,0.8480,mg/L,7.1961,pH,0.0544,NTU
779,301,2022050307,사천정수장,4824012333,경남 사천시 축동면,생활정수,0.8620,mg/L,7.0905,pH,0.0395,NTU
780,300,2022050307,온산정수장,3171012336,울산시 울주군 온산읍,공업용수,0.0177,mg/L,7.5316,pH,0.6058,NTU
781,299,2022050307,파주정수장,4148012318,경기도 파주시 파주읍,공업용수,0.0000,mg/L,7.5099,pH,0.1813,NTU
782,298,2022050307,시흥정수장,4127312314,경기도 안산시 선부2동,공업용수,점검중,mg/L,7.6516,pH,0.2073,NTU
783,297,2022050307,황지정수장,4219012371,강원도 태백시 황지동,생활정수,0.8948,mg/L,7.2638,pH,0.0746,NTU
784,296,2022050307,아산정수장,4420012354,충남 아산시 영인면,생활정수,0.7453,mg/L,7.3025,pH,0.0506,NTU
785,295,2022050307,밀양정수장,4827012381,경남 밀양시 산외면,생활정수,0.4941,mg/L,7.0972,pH,0.0447,NTU
786,294,2022050307,천안정수장,4413112355,충남 천안시 동남구,공업용수,0.4815,mg/L,7.0781,pH,0.3408,NTU
787,293,2022050307,부안정수장,4580012360,전북 부안군 변산면,생활정수,0.8184,mg/L,6.7555,pH,0.0315,NTU
788,292,2022050307,덕정정수장,4680012386,전남 장흥군 부산면,생활정수,0.9360,mg/L,7.3994,pH,0.0559,NTU
789,291,2022050307,학야정수장,4711312378,포항시 북구 기계면,생활정수,0.7470,mg/L,7.4629,pH,0.0841,NTU
790,290,2022050307,청주정수장,4311112353,충북 청주시 상당구,공업용수,0.1345,mg/L,7.5978,pH,0.3648,NTU
791,289,2022050307,고령정수장,4783012344,경북 고령군 다산면,생활정수,0.7341,mg/L,6.9124,pH,0.0561,NTU
792,288,2022050307,송전정수장,4273012356,강원도 횡성군 횡성읍,생활정수,0.5836,mg/L,7.7583,pH,0.0556,NTU
793,287,2022050307,청주정수장,4311112353,충북 청주시 상당구,생활정수,0.9325,mg/L,7.5927,pH,0.0651,NTU
794,286,2022050307,공주정수장,4415012357,충남 공주시 유구읍,생활정수,0.6681,mg/L,7.4406,pH,0.0355,NTU
795,285,2022050307,구미정수장,4719012337,경북 구미시 고아읍,생활정수,0.7138,mg/L,7.1530,pH,0.0698,NTU
796,284,2022050307,천안정수장,4413112355,충남 천안시 동남구,생활정수,0.7335,mg/L,7.1326,pH,0.0689,NTU
797,283,2022050307,보령정수장,4418012359,층남 보령시 웅천읍,생활정수,0.8708,mg/L,7.5943,pH,0.0579,NTU
798,282,2022050307,운문정수장,4782012340,경북 청도군 운문면,생활정수,0.7491,mg/L,7.1963,pH,0.0416,NTU
799,281,2022050307,구천정수장,4831012332,경남 거제시 신협읍,생활정수,0.8336,mg/L,7.1418,pH,0.0505,NTU
800,280,2022050307,시흥정수장,4127312314,경기도 안산시 선부2동,생활정수,0.8175,mg/L,7.6286,pH,0.0608,NTU
801,279,2022050307,충주정수장,4313012380,충북 충주시 용탄동,생활정수,0.8181,mg/L,7.8809,pH,0.0391,NTU
802,278,2022050307,연초정수장,4831012331,경남 거제시 연초면,생활정수,0.7093,mg/L,7.2150,pH,0.0248,NTU
803,277,2022050307,군산정수장,4513012365,전북 군산시 내흥동,공업용수,0.0020,mg/L,7.3344,pH,0.6537,NTU
804,276,2022050307,와부정수장,4136012312,경기도 남양주시 와부읍,생활정수,0.8813,mg/L,7.4415,pH,0.0603,NTU
805,275,2022050307,덕소정수장,4136012317,경기도 남양주시 와부읍,생활정수,0.7941,mg/L,7.4297,pH,0.0586,NTU
806,274,2022050307,일산정수장,4128112315,경기도 고양시 덕양구,생활정수,0.9363,mg/L,7.5832,pH,0.0606,NTU
807,273,2022050307,금산정수장,4471012372,충남 금산군 남일면,생활정수,0.4747,mg/L,7.7262,pH,0.0881,NTU
808,272,2022050307,산성정수장,4518012363,전북 정읍시 옹동면,생활정수,0.8978,mg/L,7.6530,pH,0.0475,NTU
809,271,2022050307,석성정수장,4476012351,충남 부여군 석성면,생활정수,0.7857,mg/L,7.5436,pH,0.0526,NTU
810,270,2022050306,천안정수장,4413112355,충남 천안시 동남구,공업용수,0.4993,mg/L,7.0739,pH,0.3385,NTU
811,269,2022050306,밀양정수장,4827012381,경남 밀양시 산외면,생활정수,0.4944,mg/L,7.0963,pH,0.0450,NTU
812,268,2022050306,고양정수장,4128512319,경기도 고양시 일산동구,생활정수,0.8664,mg/L,7.5952,pH,0.0691,NTU
813,267,2022050306,천안정수장,4413112355,충남 천안시 동남구,생활정수,0.7401,mg/L,7.1339,pH,0.0688,NTU
814,266,2022050306,공주정수장,4415012357,충남 공주시 유구읍,생활정수,0.6619,mg/L,7.4420,pH,0.0371,NTU
815,265,2022050306,아산정수장,4420012354,충남 아산시 영인면,생활정수,0.7522,mg/L,7.2982,pH,0.0505,NTU
816,264,2022050306,별량정수장,4615012368,전남 순천시 별량면,생활정수,0.8412,mg/L,7.1955,pH,0.0537,NTU
817,263,2022050306,시흥정수장,4127312314,경기도 안산시 선부2동,공업용수,점검중,mg/L,7.6481,pH,0.2017,NTU
818,262,2022050306,파주정수장,4148012318,경기도 파주시 파주읍,공업용수,0.0000,mg/L,7.5165,pH,0.1848,NTU
819,261,2022050306,송전정수장,4273012356,강원도 횡성군 횡성읍,생활정수,0.5814,mg/L,7.7643,pH,0.0516,NTU
820,260,2022050306,보령정수장,4418012359,층남 보령시 웅천읍,생활정수,0.8668,mg/L,7.5841,pH,0.0580,NTU
821,259,2022050306,금산정수장,4471012372,충남 금산군 남일면,생활정수,0.4803,mg/L,7.7258,pH,0.0880,NTU
822,258,2022050306,화순정수장,4679012364,전남 화순군 화순읍,생활정수,점검중,mg/L,7.1049,pH,0.0752,NTU
823,257,2022050306,양산정수장,4833012382,경남 양산시 상북면,생활정수,0.5418,mg/L,7.0713,pH,0.0423,NTU
824,256,2022050306,사천정수장,4824012333,경남 사천시 축동면,생활정수,0.8635,mg/L,7.1157,pH,0.0392,NTU
825,255,2022050306,반송정수장,4812312335,경남 창원시 성산구,생활정수,0.6194,mg/L,6.7887,pH,0.0768,NTU
826,254,2022050306,구천정수장,4831012332,경남 거제시 신협읍,생활정수,0.8269,mg/L,7.1396,pH,0.0504,NTU
827,253,2022050306,와부정수장,4136012312,경기도 남양주시 와부읍,생활정수,0.8767,mg/L,7.4383,pH,0.0602,NTU
828,252,2022050306,수지정수장,4146512316,경기도 용인시 상현동,생활정수,0.7893,mg/L,7.5708,pH,0.0638,NTU
829,251,2022050306,동화정수장,4574012385,전북 장수군 변암면,생활정수,0.7604,mg/L,7.0603,pH,0.0653,NTU
830,250,2022050306,학야정수장,4711312378,포항시 북구 기계면,생활정수,0.7653,mg/L,7.4620,pH,0.0824,NTU
831,249,2022050306,군산정수장,4513012365,전북 군산시 내흥동,공업용수,0.0073,mg/L,7.3567,pH,0.6543,NTU
832,248,2022050306,고령정수장,4783012344,경북 고령군 다산면,생활정수,0.7496,mg/L,6.9125,pH,0.0558,NTU
833,247,2022050306,성남정수장,4113112313,경기도 성남시 수정구,생활정수,0.7952,mg/L,7.5418,pH,0.0542,NTU
834,246,2022050306,반월정수장,4127112311,경기도 안산시 상록구,생활정수,1.0465,mg/L,7.4749,pH,0.0532,NTU
835,245,2022050306,일산정수장,4128112315,경기도 고양시 덕양구,생활정수,0.9430,mg/L,7.5756,pH,0.0609,NTU
836,244,2022050306,평림정수장,4688012387,전남 장성군 삼계면,생활정수,0.8609,mg/L,7.0229,pH,0.0602,NTU
837,243,2022050306,온산정수장,3171012336,울산시 울주군 온산읍,공업용수,0.0169,mg/L,7.5319,pH,0.5880,NTU
838,242,2022050306,청주정수장,4311112353,충북 청주시 상당구,생활정수,0.9314,mg/L,7.5927,pH,0.0673,NTU
839,241,2022050306,아산정수장,4420012354,충남 아산시 영인면,공업용수,0.4765,mg/L,7.2718,pH,0.5230,NTU
840,240,2022050306,고산정수장,4571012367,전북 완주군 고산면,생활정수,0.8882,mg/L,7.3411,pH,0.0415,NTU
841,239,2022050306,덕정정수장,4680012386,전남 장흥군 부산면,생활정수,0.9346,mg/L,7.4015,pH,0.0559,NTU
842,238,2022050306,청주정수장,4311112353,충북 청주시 상당구,공업용수,0.1294,mg/L,7.6006,pH,0.3547,NTU
843,237,2022050306,시흥정수장,4127312314,경기도 안산시 선부2동,생활정수,0.8209,mg/L,7.6316,pH,0.0610,NTU
844,236,2022050306,구미정수장,4719012337,경북 구미시 고아읍,생활정수,0.7250,mg/L,7.1619,pH,0.0742,NTU
845,235,2022050306,부안정수장,4580012360,전북 부안군 변산면,생활정수,0.7934,mg/L,6.7545,pH,0.0312,NTU
846,234,2022050306,대불정수장,4684012366,전남 무안군 몽타면,공업용수,점검중,mg/L,점검중,pH,0.2602,NTU
847,233,2022050306,황지정수장,4219012371,강원도 태백시 황지동,생활정수,0.9032,mg/L,7.2581,pH,0.0743,NTU
848,232,2022050306,자인정수장,4729012339,경산시 자인면,생활정수,0.6803,mg/L,6.9713,pH,0.0653,NTU
849,231,2022050306,운문정수장,4782012340,경북 청도군 운문면,생활정수,0.7444,mg/L,7.1967,pH,0.0418,NTU
850,230,2022050306,연초정수장,4831012331,경남 거제시 연초면,생활정수,0.7081,mg/L,7.2171,pH,0.0249,NTU
851,229,2022050306,덕소정수장,4136012317,경기도 남양주시 와부읍,생활정수,0.7866,mg/L,7.4319,pH,0.0590,NTU
852,228,2022050306,충주정수장,4313012380,충북 충주시 용탄동,생활정수,0.7948,mg/L,7.8849,pH,0.0392,NTU
853,227,2022050306,석성정수장,4476012351,충남 부여군 석성면,생활정수,0.7905,mg/L,7.5472,pH,0.0532,NTU
854,226,2022050306,산성정수장,4518012363,전북 정읍시 옹동면,생활정수,0.8801,mg/L,7.6377,pH,0.0477,NTU
855,225,2022050305,충주정수장,4313012380,충북 충주시 용탄동,생활정수,0.7872,mg/L,7.8872,pH,0.0392,NTU
856,224,2022050305,보령정수장,4418012359,층남 보령시 웅천읍,생활정수,0.8415,mg/L,7.5743,pH,0.0578,NTU
857,223,2022050305,송전정수장,4273012356,강원도 횡성군 횡성읍,생활정수,0.5810,mg/L,7.7632,pH,0.0461,NTU
858,222,2022050305,부안정수장,4580012360,전북 부안군 변산면,생활정수,0.7827,mg/L,6.7611,pH,0.0314,NTU
859,221,2022050305,별량정수장,4615012368,전남 순천시 별량면,생활정수,0.8051,mg/L,7.1917,pH,0.0543,NTU
860,220,2022050305,자인정수장,4729012339,경산시 자인면,생활정수,0.6783,mg/L,6.9590,pH,0.0655,NTU
861,219,2022050305,고령정수장,4783012344,경북 고령군 다산면,생활정수,0.7597,mg/L,6.9131,pH,0.0552,NTU
862,218,2022050305,일산정수장,4128112315,경기도 고양시 덕양구,생활정수,0.9500,mg/L,7.5715,pH,0.0610,NTU
863,217,2022050305,구미정수장,4719012337,경북 구미시 고아읍,생활정수,0.7169,mg/L,7.1746,pH,0.0772,NTU
864,216,2022050305,덕소정수장,4136012317,경기도 남양주시 와부읍,생활정수,0.7820,mg/L,7.4321,pH,0.0588,NTU
865,215,2022050305,공주정수장,4415012357,충남 공주시 유구읍,생활정수,0.6771,mg/L,7.4423,pH,0.0357,NTU
866,214,2022050305,아산정수장,4420012354,충남 아산시 영인면,생활정수,0.7489,mg/L,7.2921,pH,0.0504,NTU
867,213,2022050305,고산정수장,4571012367,전북 완주군 고산면,생활정수,0.8851,mg/L,7.3429,pH,0.0414,NTU
868,212,2022050305,동화정수장,4574012385,전북 장수군 변암면,생활정수,0.7493,mg/L,7.0630,pH,0.0657,NTU
869,211,2022050305,사천정수장,4824012333,경남 사천시 축동면,생활정수,0.8752,mg/L,7.1390,pH,0.0398,NTU
870,210,2022050305,반송정수장,4812312335,경남 창원시 성산구,생활정수,0.6295,mg/L,6.7895,pH,0.0782,NTU
871,209,2022050305,파주정수장,4148012318,경기도 파주시 파주읍,공업용수,0.0000,mg/L,7.5211,pH,0.1905,NTU
872,208,2022050305,시흥정수장,4127312314,경기도 안산시 선부2동,생활정수,0.8266,mg/L,7.6326,pH,0.0611,NTU
873,207,2022050305,시흥정수장,4127312314,경기도 안산시 선부2동,공업용수,점검중,mg/L,7.6490,pH,0.2012,NTU
874,206,2022050305,산성정수장,4518012363,전북 정읍시 옹동면,생활정수,0.8869,mg/L,7.6233,pH,0.0483,NTU
875,205,2022050305,화순정수장,4679012364,전남 화순군 화순읍,생활정수,점검중,mg/L,7.1046,pH,0.0749,NTU
876,204,2022050305,수지정수장,4146512316,경기도 용인시 상현동,생활정수,0.7929,mg/L,7.5805,pH,0.0636,NTU
877,203,2022050305,고양정수장,4128512319,경기도 고양시 일산동구,생활정수,0.8692,mg/L,7.5975,pH,0.0689,NTU
878,202,2022050305,천안정수장,4413112355,충남 천안시 동남구,생활정수,0.7308,mg/L,7.1302,pH,0.0687,NTU
879,201,2022050305,밀양정수장,4827012381,경남 밀양시 산외면,생활정수,0.4927,mg/L,7.0968,pH,0.0436,NTU
880,200,2022050305,양산정수장,4833012382,경남 양산시 상북면,생활정수,0.5399,mg/L,7.0704,pH,0.0423,NTU
881,199,2022050305,청주정수장,4311112353,충북 청주시 상당구,생활정수,0.9429,mg/L,7.5889,pH,0.0665,NTU
882,198,2022050305,운문정수장,4782012340,경북 청도군 운문면,생활정수,0.7465,mg/L,7.1938,pH,0.0415,NTU
883,197,2022050305,온산정수장,3171012336,울산시 울주군 온산읍,공업용수,0.0165,mg/L,7.5317,pH,0.5860,NTU
884,196,2022050305,연초정수장,4831012331,경남 거제시 연초면,생활정수,0.6890,mg/L,7.2173,pH,0.0253,NTU
885,195,2022050305,금산정수장,4471012372,충남 금산군 남일면,생활정수,0.4853,mg/L,7.7249,pH,0.0882,NTU
886,194,2022050305,아산정수장,4420012354,충남 아산시 영인면,공업용수,0.4785,mg/L,7.2712,pH,0.5240,NTU
887,193,2022050305,천안정수장,4413112355,충남 천안시 동남구,공업용수,0.4902,mg/L,7.0696,pH,0.3347,NTU
888,192,2022050305,평림정수장,4688012387,전남 장성군 삼계면,생활정수,0.8721,mg/L,7.0314,pH,0.0603,NTU
889,191,2022050305,덕정정수장,4680012386,전남 장흥군 부산면,생활정수,0.9390,mg/L,7.3994,pH,0.0560,NTU
890,190,2022050305,군산정수장,4513012365,전북 군산시 내흥동,공업용수,0.0022,mg/L,7.3613,pH,0.6533,NTU
891,189,2022050305,반월정수장,4127112311,경기도 안산시 상록구,생활정수,1.0422,mg/L,7.4714,pH,0.0532,NTU
892,188,2022050305,황지정수장,4219012371,강원도 태백시 황지동,생활정수,0.9020,mg/L,7.2619,pH,0.0741,NTU
893,187,2022050305,구천정수장,4831012332,경남 거제시 신협읍,생활정수,0.7964,mg/L,7.1413,pH,0.0503,NTU
894,186,2022050305,와부정수장,4136012312,경기도 남양주시 와부읍,생활정수,0.8811,mg/L,7.4334,pH,0.0594,NTU
895,185,2022050305,성남정수장,4113112313,경기도 성남시 수정구,생활정수,0.7970,mg/L,7.5450,pH,0.0587,NTU
896,184,2022050305,석성정수장,4476012351,충남 부여군 석성면,생활정수,0.7955,mg/L,7.5496,pH,0.0528,NTU
897,183,2022050305,대불정수장,4684012366,전남 무안군 몽타면,공업용수,점검중,mg/L,점검중,pH,0.2633,NTU
898,182,2022050305,학야정수장,4711312378,포항시 북구 기계면,생활정수,0.7739,mg/L,7.4546,pH,0.0778,NTU
899,181,2022050305,청주정수장,4311112353,충북 청주시 상당구,공업용수,0.1242,mg/L,7.6101,pH,0.3602,NTU
900,180,2022050304,송전정수장,4273012356,강원도 횡성군 횡성읍,생활정수,0.5868,mg/L,7.7691,pH,0.0435,NTU
901,179,2022050304,온산정수장,3171012336,울산시 울주군 온산읍,공업용수,0.0176,mg/L,7.5308,pH,0.5866,NTU
902,178,2022050304,황지정수장,4219012371,강원도 태백시 황지동,생활정수,0.8942,mg/L,7.2569,pH,0.0743,NTU
903,177,2022050304,아산정수장,4420012354,충남 아산시 영인면,생활정수,0.7426,mg/L,7.2863,pH,0.0505,NTU
904,176,2022050304,아산정수장,4420012354,충남 아산시 영인면,공업용수,0.4692,mg/L,7.2765,pH,0.5399,NTU
905,175,2022050304,별량정수장,4615012368,전남 순천시 별량면,생활정수,0.8318,mg/L,7.1948,pH,0.0544,NTU
906,174,2022050304,학야정수장,4711312378,포항시 북구 기계면,생활정수,0.7816,mg/L,7.4586,pH,0.0832,NTU
907,173,2022050304,양산정수장,4833012382,경남 양산시 상북면,생활정수,0.5397,mg/L,7.0719,pH,0.0426,NTU
908,172,2022050304,반송정수장,4812312335,경남 창원시 성산구,생활정수,0.6392,mg/L,6.7900,pH,0.0806,NTU
909,171,2022050304,구천정수장,4831012332,경남 거제시 신협읍,생활정수,0.8245,mg/L,7.1649,pH,0.0504,NTU
910,170,2022050304,군산정수장,4513012365,전북 군산시 내흥동,공업용수,0.0019,mg/L,7.3575,pH,0.6532,NTU
911,169,2022050304,성남정수장,4113112313,경기도 성남시 수정구,생활정수,0.8060,mg/L,7.5515,pH,0.0569,NTU
912,168,2022050304,수지정수장,4146512316,경기도 용인시 상현동,생활정수,0.8239,mg/L,7.5851,pH,0.0639,NTU
913,167,2022050304,충주정수장,4313012380,충북 충주시 용탄동,생활정수,0.7841,mg/L,7.8793,pH,0.0393,NTU
914,166,2022050304,청주정수장,4311112353,충북 청주시 상당구,생활정수,0.9634,mg/L,7.5869,pH,0.0630,NTU
915,165,2022050304,시흥정수장,4127312314,경기도 안산시 선부2동,생활정수,0.8335,mg/L,7.6333,pH,0.0610,NTU
916,164,2022050304,덕소정수장,4136012317,경기도 남양주시 와부읍,생활정수,0.7843,mg/L,7.4330,pH,0.0585,NTU
917,163,2022050304,부안정수장,4580012360,전북 부안군 변산면,생활정수,0.8024,mg/L,6.7701,pH,0.0310,NTU
918,162,2022050304,연초정수장,4831012331,경남 거제시 연초면,생활정수,0.6830,mg/L,7.2153,pH,0.0255,NTU
919,161,2022050304,와부정수장,4136012312,경기도 남양주시 와부읍,생활정수,0.8885,mg/L,7.4284,pH,0.0575,NTU
920,160,2022050304,반월정수장,4127112311,경기도 안산시 상록구,생활정수,1.0553,mg/L,7.4561,pH,0.0534,NTU
921,159,2022050304,공주정수장,4415012357,충남 공주시 유구읍,생활정수,0.6879,mg/L,7.4443,pH,0.0361,NTU
922,158,2022050304,덕정정수장,4680012386,전남 장흥군 부산면,생활정수,0.9452,mg/L,7.3937,pH,0.0565,NTU
923,157,2022050304,천안정수장,4413112355,충남 천안시 동남구,공업용수,0.5143,mg/L,7.0660,pH,0.3304,NTU
924,156,2022050304,보령정수장,4418012359,층남 보령시 웅천읍,생활정수,0.8700,mg/L,7.5676,pH,0.0578,NTU
925,155,2022050304,고산정수장,4571012367,전북 완주군 고산면,생활정수,0.8833,mg/L,7.3430,pH,0.0414,NTU
926,154,2022050304,산성정수장,4518012363,전북 정읍시 옹동면,생활정수,0.8784,mg/L,7.6178,pH,0.0489,NTU
927,153,2022050304,대불정수장,4684012366,전남 무안군 몽타면,공업용수,점검중,mg/L,점검중,pH,0.2661,NTU
928,152,2022050304,자인정수장,4729012339,경산시 자인면,생활정수,0.6911,mg/L,6.9565,pH,0.0653,NTU
929,151,2022050304,사천정수장,4824012333,경남 사천시 축동면,생활정수,0.8727,mg/L,7.1573,pH,0.0401,NTU
930,150,2022050304,천안정수장,4413112355,충남 천안시 동남구,생활정수,0.7347,mg/L,7.1313,pH,0.0683,NTU
931,149,2022050304,석성정수장,4476012351,충남 부여군 석성면,생활정수,0.8069,mg/L,7.5496,pH,0.0526,NTU
932,148,2022050304,구미정수장,4719012337,경북 구미시 고아읍,생활정수,0.7160,mg/L,7.1783,pH,0.0724,NTU
933,147,2022050304,일산정수장,4128112315,경기도 고양시 덕양구,생활정수,0.9521,mg/L,7.5655,pH,0.0613,NTU
934,146,2022050304,화순정수장,4679012364,전남 화순군 화순읍,생활정수,점검중,mg/L,7.1027,pH,0.0755,NTU
935,145,2022050304,청주정수장,4311112353,충북 청주시 상당구,공업용수,0.1371,mg/L,7.6090,pH,0.3609,NTU
936,144,2022050304,평림정수장,4688012387,전남 장성군 삼계면,생활정수,0.8739,mg/L,7.0316,pH,0.0626,NTU
937,143,2022050304,파주정수장,4148012318,경기도 파주시 파주읍,공업용수,0.0000,mg/L,7.5300,pH,0.1880,NTU
938,142,2022050304,고령정수장,4783012344,경북 고령군 다산면,생활정수,0.7509,mg/L,6.9107,pH,0.0553,NTU
939,141,2022050304,시흥정수장,4127312314,경기도 안산시 선부2동,공업용수,점검중,mg/L,7.6476,pH,0.2007,NTU
940,140,2022050304,고양정수장,4128512319,경기도 고양시 일산동구,생활정수,0.8751,mg/L,7.5993,pH,0.0691,NTU
941,139,2022050304,금산정수장,4471012372,충남 금산군 남일면,생활정수,0.4879,mg/L,7.7224,pH,0.0882,NTU
942,138,2022050304,운문정수장,4782012340,경북 청도군 운문면,생활정수,0.7526,mg/L,7.1964,pH,0.0421,NTU
943,137,2022050304,밀양정수장,4827012381,경남 밀양시 산외면,생활정수,0.5034,mg/L,7.0926,pH,0.0442,NTU
944,136,2022050304,동화정수장,4574012385,전북 장수군 변암면,생활정수,0.7403,mg/L,7.0736,pH,0.0660,NTU
945,135,2022050303,석성정수장,4476012351,충남 부여군 석성면,생활정수,0.8212,mg/L,7.5433,pH,0.0521,NTU
946,134,2022050303,학야정수장,4711312378,포항시 북구 기계면,생활정수,0.7877,mg/L,7.4575,pH,0.0736,NTU
947,133,2022050303,천안정수장,4413112355,충남 천안시 동남구,생활정수,0.7350,mg/L,7.1295,pH,0.0685,NTU
948,132,2022050303,공주정수장,4415012357,충남 공주시 유구읍,생활정수,0.6912,mg/L,7.4449,pH,0.0365,NTU
949,131,2022050303,아산정수장,4420012354,충남 아산시 영인면,공업용수,0.4412,mg/L,7.2705,pH,0.5476,NTU
950,130,2022050303,동화정수장,4574012385,전북 장수군 변암면,생활정수,0.7399,mg/L,7.0714,pH,0.0660,NTU
951,129,2022050303,덕정정수장,4680012386,전남 장흥군 부산면,생활정수,0.9531,mg/L,7.3923,pH,0.0562,NTU
952,128,2022050303,연초정수장,4831012331,경남 거제시 연초면,생활정수,0.6866,mg/L,7.2220,pH,0.0252,NTU
953,127,2022050303,구천정수장,4831012332,경남 거제시 신협읍,생활정수,0.8245,mg/L,7.1526,pH,0.0501,NTU
954,126,2022050303,파주정수장,4148012318,경기도 파주시 파주읍,공업용수,0.0000,mg/L,7.5273,pH,0.1870,NTU
955,125,2022050303,고령정수장,4783012344,경북 고령군 다산면,생활정수,0.7533,mg/L,6.9078,pH,0.0554,NTU
956,124,2022050303,고양정수장,4128512319,경기도 고양시 일산동구,생활정수,0.8802,mg/L,7.6004,pH,0.0695,NTU
957,123,2022050303,송전정수장,4273012356,강원도 횡성군 횡성읍,생활정수,0.6055,mg/L,7.7712,pH,0.0410,NTU
958,122,2022050303,화순정수장,4679012364,전남 화순군 화순읍,생활정수,점검중,mg/L,7.0967,pH,0.0762,NTU
959,121,2022050303,양산정수장,4833012382,경남 양산시 상북면,생활정수,0.5404,mg/L,7.0720,pH,0.0429,NTU
960,120,2022050303,온산정수장,3171012336,울산시 울주군 온산읍,공업용수,0.0178,mg/L,7.5305,pH,0.5626,NTU
961,119,2022050303,반송정수장,4812312335,경남 창원시 성산구,생활정수,0.6506,mg/L,6.7943,pH,0.0821,NTU
962,118,2022050303,청주정수장,4311112353,충북 청주시 상당구,공업용수,0.1181,mg/L,7.5951,pH,0.3615,NTU
963,117,2022050303,군산정수장,4513012365,전북 군산시 내흥동,공업용수,0.0027,mg/L,7.3498,pH,0.6532,NTU
964,116,2022050303,성남정수장,4113112313,경기도 성남시 수정구,생활정수,0.8166,mg/L,7.5547,pH,0.0577,NTU
965,115,2022050303,부안정수장,4580012360,전북 부안군 변산면,생활정수,0.8284,mg/L,6.7590,pH,0.0311,NTU
966,114,2022050303,밀양정수장,4827012381,경남 밀양시 산외면,생활정수,0.5135,mg/L,7.0870,pH,0.0456,NTU
967,113,2022050303,사천정수장,4824012333,경남 사천시 축동면,생활정수,0.8765,mg/L,7.1726,pH,0.0401,NTU
968,112,2022050303,와부정수장,4136012312,경기도 남양주시 와부읍,생활정수,0.8978,mg/L,7.4231,pH,0.0602,NTU
969,111,2022050303,덕소정수장,4136012317,경기도 남양주시 와부읍,생활정수,0.7919,mg/L,7.4334,pH,0.0590,NTU
970,110,2022050303,황지정수장,4219012371,강원도 태백시 황지동,생활정수,0.8825,mg/L,7.2555,pH,0.0738,NTU
971,109,2022050303,운문정수장,4782012340,경북 청도군 운문면,생활정수,0.7519,mg/L,7.1853,pH,0.0417,NTU
972,108,2022050303,천안정수장,4413112355,충남 천안시 동남구,공업용수,0.4957,mg/L,7.0600,pH,0.3335,NTU
973,107,2022050303,보령정수장,4418012359,층남 보령시 웅천읍,생활정수,0.8822,mg/L,7.5678,pH,0.0579,NTU
974,106,2022050303,시흥정수장,4127312314,경기도 안산시 선부2동,생활정수,0.8415,mg/L,7.6318,pH,0.0610,NTU
975,105,2022050303,충주정수장,4313012380,충북 충주시 용탄동,생활정수,0.7742,mg/L,7.8760,pH,0.0392,NTU
976,104,2022050303,청주정수장,4311112353,충북 청주시 상당구,생활정수,0.9899,mg/L,7.5875,pH,0.0609,NTU
977,103,2022050303,금산정수장,4471012372,충남 금산군 남일면,생활정수,0.4928,mg/L,7.7211,pH,0.0882,NTU
978,102,2022050303,구미정수장,4719012337,경북 구미시 고아읍,생활정수,0.7118,mg/L,7.1875,pH,0.0652,NTU
979,101,2022050303,고산정수장,4571012367,전북 완주군 고산면,생활정수,0.8828,mg/L,7.3467,pH,0.0414,NTU
980,100,2022050303,산성정수장,4518012363,전북 정읍시 옹동면,생활정수,0.8844,mg/L,7.6066,pH,0.0495,NTU
981,99,2022050303,자인정수장,4729012339,경산시 자인면,생활정수,0.6794,mg/L,6.9479,pH,0.0658,NTU
982,98,2022050303,시흥정수장,4127312314,경기도 안산시 선부2동,공업용수,점검중,mg/L,7.6505,pH,0.2038,NTU
983,97,2022050303,수지정수장,4146512316,경기도 용인시 상현동,생활정수,0.8715,mg/L,7.5862,pH,0.0639,NTU
984,96,2022050303,평림정수장,4688012387,전남 장성군 삼계면,생활정수,0.8831,mg/L,7.0358,pH,0.0622,NTU
985,95,2022050303,별량정수장,4615012368,전남 순천시 별량면,생활정수,0.8500,mg/L,7.1986,pH,0.0544,NTU
986,94,2022050303,대불정수장,4684012366,전남 무안군 몽타면,공업용수,점검중,mg/L,점검중,pH,0.2687,NTU
987,93,2022050303,반월정수장,4127112311,경기도 안산시 상록구,생활정수,1.0670,mg/L,7.4494,pH,0.0535,NTU
988,92,2022050303,일산정수장,4128112315,경기도 고양시 덕양구,생활정수,0.9393,mg/L,7.5556,pH,0.0610,NTU
989,91,2022050303,아산정수장,4420012354,충남 아산시 영인면,생활정수,0.7469,mg/L,7.2862,pH,0.0504,NTU
990,90,2022050302,황지정수장,4219012371,강원도 태백시 황지동,생활정수,0.8757,mg/L,7.2471,pH,0.0740,NTU
991,89,2022050302,양산정수장,4833012382,경남 양산시 상북면,생활정수,0.5608,mg/L,7.0704,pH,0.0430,NTU
992,88,2022050302,석성정수장,4476012351,충남 부여군 석성면,생활정수,0.8314,mg/L,7.5398,pH,0.0522,NTU
993,87,2022050302,공주정수장,4415012357,충남 공주시 유구읍,생활정수,0.6925,mg/L,7.4447,pH,0.0364,NTU
994,86,2022050302,아산정수장,4420012354,충남 아산시 영인면,공업용수,0.4261,mg/L,7.2697,pH,0.5540,NTU
995,85,2022050302,보령정수장,4418012359,층남 보령시 웅천읍,생활정수,0.8778,mg/L,7.5679,pH,0.0580,NTU
996,84,2022050302,고산정수장,4571012367,전북 완주군 고산면,생활정수,0.8892,mg/L,7.3535,pH,0.0414,NTU
997,83,2022050302,부안정수장,4580012360,전북 부안군 변산면,생활정수,0.8491,mg/L,6.7612,pH,0.0310,NTU
998,82,2022050302,화순정수장,4679012364,전남 화순군 화순읍,생활정수,점검중,mg/L,7.0965,pH,0.0763,NTU
999,81,2022050302,덕정정수장,4680012386,전남 장흥군 부산면,생활정수,0.9600,mg/L,7.3867,pH,0.0566,NTU
1000,80,2022050302,자인정수장,4729012339,경산시 자인면,생활정수,0.6821,mg/L,6.9439,pH,0.0664,NTU
1001,79,2022050302,사천정수장,4824012333,경남 사천시 축동면,생활정수,0.8875,mg/L,7.1858,pH,0.0402,NTU
1002,78,2022050302,연초정수장,4831012331,경남 거제시 연초면,생활정수,0.6906,mg/L,7.2192,pH,0.0249,NTU
1003,77,2022050302,성남정수장,4113112313,경기도 성남시 수정구,생활정수,0.8270,mg/L,7.5586,pH,0.0568,NTU
1004,76,2022050302,시흥정수장,4127312314,경기도 안산시 선부2동,생활정수,0.8491,mg/L,7.6331,pH,0.0610,NTU
1005,75,2022050302,수지정수장,4146512316,경기도 용인시 상현동,생활정수,0.8892,mg/L,7.5856,pH,0.0646,NTU
1006,74,2022050302,구천정수장,4831012332,경남 거제시 신협읍,생활정수,0.8304,mg/L,7.1521,pH,0.0498,NTU
1007,73,2022050302,와부정수장,4136012312,경기도 남양주시 와부읍,생활정수,0.9043,mg/L,7.4152,pH,0.0558,NTU
1008,72,2022050302,송전정수장,4273012356,강원도 횡성군 횡성읍,생활정수,0.6232,mg/L,7.7719,pH,0.0394,NTU
1009,71,2022050302,평림정수장,4688012387,전남 장성군 삼계면,생활정수,0.8986,mg/L,7.0496,pH,0.0606,NTU
1010,70,2022050302,시흥정수장,4127312314,경기도 안산시 선부2동,공업용수,점검중,mg/L,7.6548,pH,0.2108,NTU
1011,69,2022050302,덕소정수장,4136012317,경기도 남양주시 와부읍,생활정수,0.8043,mg/L,7.4344,pH,0.0584,NTU
1012,68,2022050302,대불정수장,4684012366,전남 무안군 몽타면,공업용수,점검중,mg/L,점검중,pH,0.2724,NTU
1013,67,2022050302,운문정수장,4782012340,경북 청도군 운문면,생활정수,0.7552,mg/L,7.1769,pH,0.0425,NTU
1014,66,2022050302,파주정수장,4148012318,경기도 파주시 파주읍,공업용수,0.0000,mg/L,7.5251,pH,0.1916,NTU
1015,65,2022050302,일산정수장,4128112315,경기도 고양시 덕양구,생활정수,0.9150,mg/L,7.5537,pH,0.0608,NTU
1016,64,2022050302,청주정수장,4311112353,충북 청주시 상당구,생활정수,0.9983,mg/L,7.5875,pH,0.0582,NTU
1017,63,2022050302,아산정수장,4420012354,충남 아산시 영인면,생활정수,0.7431,mg/L,7.2856,pH,0.0507,NTU
1018,62,2022050302,동화정수장,4574012385,전북 장수군 변암면,생활정수,0.7420,mg/L,7.0706,pH,0.0658,NTU
1019,61,2022050302,별량정수장,4615012368,전남 순천시 별량면,생활정수,0.8182,mg/L,7.1973,pH,0.0544,NTU
1020,60,2022050302,학야정수장,4711312378,포항시 북구 기계면,생활정수,0.7951,mg/L,7.4598,pH,0.0772,NTU
1021,59,2022050302,반송정수장,4812312335,경남 창원시 성산구,생활정수,0.6600,mg/L,6.7974,pH,0.0801,NTU
1022,58,2022050302,고령정수장,4783012344,경북 고령군 다산면,생활정수,0.7802,mg/L,6.9075,pH,0.0553,NTU
1023,57,2022050302,반월정수장,4127112311,경기도 안산시 상록구,생활정수,1.0712,mg/L,7.4693,pH,0.0526,NTU
1024,56,2022050302,금산정수장,4471012372,충남 금산군 남일면,생활정수,0.4958,mg/L,7.7176,pH,0.0881,NTU
1025,55,2022050302,산성정수장,4518012363,전북 정읍시 옹동면,생활정수,0.8779,mg/L,7.5974,pH,0.0509,NTU
1026,54,2022050302,밀양정수장,4827012381,경남 밀양시 산외면,생활정수,0.5045,mg/L,7.0844,pH,0.0440,NTU
1027,53,2022050302,온산정수장,3171012336,울산시 울주군 온산읍,공업용수,0.0167,mg/L,7.5251,pH,0.5736,NTU
1028,52,2022050302,군산정수장,4513012365,전북 군산시 내흥동,공업용수,0.0033,mg/L,7.3453,pH,0.6530,NTU
1029,51,2022050302,청주정수장,4311112353,충북 청주시 상당구,공업용수,0.0812,mg/L,7.5793,pH,0.3914,NTU
1030,50,2022050302,구미정수장,4719012337,경북 구미시 고아읍,생활정수,0.7061,mg/L,7.1913,pH,0.0648,NTU
1031,49,2022050302,고양정수장,4128512319,경기도 고양시 일산동구,생활정수,0.8799,mg/L,7.6028,pH,0.0689,NTU
1032,48,2022050302,충주정수장,4313012380,충북 충주시 용탄동,생활정수,0.7754,mg/L,7.8735,pH,0.0389,NTU
1033,47,2022050302,천안정수장,4413112355,충남 천안시 동남구,생활정수,0.7240,mg/L,7.1317,pH,0.0688,NTU
1034,46,2022050302,천안정수장,4413112355,충남 천안시 동남구,공업용수,0.4935,mg/L,7.0583,pH,0.3381,NTU
1035,45,2022050301,충주정수장,4313012380,충북 충주시 용탄동,생활정수,0.7836,mg/L,7.8710,pH,0.0390,NTU
1036,44,2022050301,청주정수장,4311112353,충북 청주시 상당구,공업용수,0.0815,mg/L,7.5819,pH,0.4094,NTU
1037,43,2022050301,동화정수장,4574012385,전북 장수군 변암면,생활정수,0.7475,mg/L,7.0635,pH,0.0656,NTU
1038,42,2022050301,일산정수장,4128112315,경기도 고양시 덕양구,생활정수,0.8862,mg/L,7.5596,pH,0.0603,NTU
1039,41,2022050301,석성정수장,4476012351,충남 부여군 석성면,생활정수,0.8279,mg/L,7.5313,pH,0.0518,NTU
1040,40,2022050301,아산정수장,4420012354,충남 아산시 영인면,공업용수,0.4061,mg/L,7.2675,pH,0.5477,NTU
1041,39,2022050301,대불정수장,4684012366,전남 무안군 몽타면,공업용수,점검중,mg/L,점검중,pH,0.2735,NTU
1042,38,2022050301,자인정수장,4729012339,경산시 자인면,생활정수,0.6962,mg/L,6.9398,pH,0.0663,NTU
1043,37,2022050301,구천정수장,4831012332,경남 거제시 신협읍,생활정수,0.8318,mg/L,7.1412,pH,0.0496,NTU
1044,36,2022050301,고령정수장,4783012344,경북 고령군 다산면,생활정수,0.8036,mg/L,6.9095,pH,0.0554,NTU
1045,35,2022050301,구미정수장,4719012337,경북 구미시 고아읍,생활정수,0.7177,mg/L,7.1899,pH,0.0652,NTU
1046,34,2022050301,성남정수장,4113112313,경기도 성남시 수정구,생활정수,0.8263,mg/L,7.5535,pH,0.0623,NTU
1047,33,2022050301,금산정수장,4471012372,충남 금산군 남일면,생활정수,0.4964,mg/L,7.7118,pH,0.0882,NTU
1048,32,2022050301,운문정수장,4782012340,경북 청도군 운문면,생활정수,0.7595,mg/L,7.1665,pH,0.0414,NTU
1049,31,2022050301,온산정수장,3171012336,울산시 울주군 온산읍,공업용수,0.0168,mg/L,7.5193,pH,0.5759,NTU
1050,30,2022050301,연초정수장,4831012331,경남 거제시 연초면,생활정수,0.7000,mg/L,7.2196,pH,0.0248,NTU
1051,29,2022050301,공주정수장,4415012357,충남 공주시 유구읍,생활정수,0.6959,mg/L,7.4472,pH,0.0366,NTU
1052,28,2022050301,덕정정수장,4680012386,전남 장흥군 부산면,생활정수,0.9589,mg/L,7.3858,pH,0.0564,NTU
1053,27,2022050301,밀양정수장,4827012381,경남 밀양시 산외면,생활정수,0.5019,mg/L,7.0819,pH,0.0437,NTU
1054,26,2022050301,사천정수장,4824012333,경남 사천시 축동면,생활정수,0.8861,mg/L,7.1951,pH,0.0400,NTU
1055,25,2022050301,청주정수장,4311112353,충북 청주시 상당구,생활정수,0.9946,mg/L,7.5841,pH,0.0583,NTU
1056,24,2022050301,천안정수장,4413112355,충남 천안시 동남구,생활정수,0.7392,mg/L,7.1283,pH,0.0689,NTU
1057,23,2022050301,보령정수장,4418012359,층남 보령시 웅천읍,생활정수,0.9058,mg/L,7.5705,pH,0.0578,NTU
1058,22,2022050301,고산정수장,4571012367,전북 완주군 고산면,생활정수,0.9051,mg/L,7.3613,pH,0.0414,NTU
1059,21,2022050301,반송정수장,4812312335,경남 창원시 성산구,생활정수,0.6638,mg/L,6.8018,pH,0.0772,NTU
1060,20,2022050301,황지정수장,4219012371,강원도 태백시 황지동,생활정수,0.8816,mg/L,7.2620,pH,0.0742,NTU
1061,19,2022050301,송전정수장,4273012356,강원도 횡성군 횡성읍,생활정수,0.6341,mg/L,7.7670,pH,0.0400,NTU
1062,18,2022050301,천안정수장,4413112355,충남 천안시 동남구,공업용수,0.4823,mg/L,7.0521,pH,0.3405,NTU
1063,17,2022050301,아산정수장,4420012354,충남 아산시 영인면,생활정수,0.7443,mg/L,7.2814,pH,0.0512,NTU
1064,16,2022050301,와부정수장,4136012312,경기도 남양주시 와부읍,생활정수,0.9046,mg/L,7.4070,pH,0.0556,NTU
1065,15,2022050301,덕소정수장,4136012317,경기도 남양주시 와부읍,생활정수,0.8083,mg/L,7.4391,pH,0.0575,NTU
1066,14,2022050301,반월정수장,4127112311,경기도 안산시 상록구,생활정수,1.0497,mg/L,7.4658,pH,0.0528,NTU
1067,13,2022050301,고양정수장,4128512319,경기도 고양시 일산동구,생활정수,0.8801,mg/L,7.6031,pH,0.0684,NTU
1068,12,2022050301,부안정수장,4580012360,전북 부안군 변산면,생활정수,0.8614,mg/L,6.7645,pH,0.0324,NTU
1069,11,2022050301,화순정수장,4679012364,전남 화순군 화순읍,생활정수,점검중,mg/L,7.0961,pH,0.0776,NTU
1070,10,2022050301,평림정수장,4688012387,전남 장성군 삼계면,생활정수,0.9046,mg/L,7.0482,pH,0.0610,NTU
1071,9,2022050301,시흥정수장,4127312314,경기도 안산시 선부2동,생활정수,0.8475,mg/L,7.6313,pH,0.0609,NTU
1072,8,2022050301,시흥정수장,4127312314,경기도 안산시 선부2동,공업용수,점검중,mg/L,7.6557,pH,0.2147,NTU
1073,7,2022050301,수지정수장,4146512316,경기도 용인시 상현동,생활정수,0.9018,mg/L,7.5871,pH,0.0678,NTU
1074,6,2022050301,학야정수장,4711312378,포항시 북구 기계면,생활정수,0.8089,mg/L,7.4589,pH,0.0756,NTU
1075,5,2022050301,군산정수장,4513012365,전북 군산시 내흥동,공업용수,0.0035,mg/L,7.3304,pH,0.6533,NTU
1076,4,2022050301,별량정수장,4615012368,전남 순천시 별량면,생활정수,0.8264,mg/L,7.1969,pH,0.0544,NTU
1077,3,2022050301,양산정수장,4833012382,경남 양산시 상북면,생활정수,0.5343,mg/L,7.0691,pH,0.0433,NTU
1078,2,2022050301,파주정수장,4148012318,경기도 파주시 파주읍,공업용수,0.0000,mg/L,7.5182,pH,0.1955,NTU
1079,1,2022050301,산성정수장,4518012363,전북 정읍시 옹동면,생활정수,0.8717,mg/L,7.5888,pH,0.0493,NTU
